ID,Link,Name,Backlog,Analysis Active,Analysis Done,Dev Active,Dev Done,Test,Done,Type,components,fixVersions,labels,priority,resolution
UT-1,,Sample Item 1,2015-11-21,2015-11-21,2015-11-21,2015-11-21,2015-11-21,2015-11-21,2015-11-21,Story,Team 3,,,,Done
UT-2,,Sample Item 2,2015-11-21,2015-11-21,2015-11-21,2015-11-21,2015-11-21,2015-11-21,2015-11-21,Story,Team 4,,,,Done
UT-3,,Sample Item 3,2015-11-21,,2015-11-21,2015-11-21,,2015-11-21,2015-11-26,Story,Team 4,,,,
UT-4,,Sample Item 4,2015-11-21,,,2015-11-21,,2015-11-21,2015-11-21,Story,Team 4,,,,Done
UT-5,,Sample Item 5,2015-11-21,2015-11-21,2015-11-26,,,,2016-03-29,Story,Team 4,,,,
UT-6,,Sample Item 6,2015-11-21,,2015-11-21,2015-11-26,,,,Story,Team 3,,,,
UT-7,,Sample Item 7,2015-11-21,,,2015-11-21,2015-11-26,2015-12-10,2016-03-29,Story,Team 1,,,,
UT-8,,Sample Item 8,2015-11-21,2015-11-21,2015-11-21,2015-11-21,2015-11-21,2015-11-21,2015-11-21,Bug,Team 4,,,,Done
UT-9,,Sample Item 9,2015-11-21,,2015-11-21,,2015-11-21,2015-11-21,2015-11-21,Bug,Team 5,,,,Done
UT-10,,Sample Item 10,2015-11-21,,,,2015-11-21,2015-11-26,2015-12-10,Story,Team 4,,,,
UT-11,,Sample Item 11,2015-11-21,2015-11-21,2015-11-26,,,,,Story,Team 4,,,,
UT-12,,Sample Item 12,2015-11-21,,,2015-11-21,2015-11-26,2015-12-10,2015-12-10,Story,Team 3,,,,
UT-13,,Sample Item 13,2015-11-21,2015-11-21,2015-11-26,2015-12-14,,,2015-12-14,Story,Team 5,,,,
UT-14,,Sample Item 14,2015-11-21,2015-11-21,2015-11-26,2015-12-10,,,2015-12-14,Bug,Team 4,,,,
UT-15,,Sample Item 15,2015-11-21,,2015-11-21,2015-11-26,,,2015-12-10,Story,Team 4,,,,
UT-16,,Sample Item 16,2015-11-21,,,,2015-11-21,2015-11-26,2015-12-10,Story,Team 3,,,,
UT-17,,Sample Item 17,2015-11-21,,2015-11-21,2015-11-26,,2015-12-10,2015-12-14,Story,Team 2,,,,
UT-18,,Sample Item 18,2015-11-21,,,2015-11-21,2015-11-26,2016-03-29,,Story,Team 4,,,,
UT-19,,Sample Item 19,2015-11-21,,,,,2015-11-21,2015-11-26,Story,Team 3,,,,
UT-20,,Sample Item 20,2015-11-21,,,,,,2015-11-21,Story,Team 3,,,,Done
UT-21,,Sample Item 21,2015-11-21,2015-11-26,,,,,,Story,Team 3,,,Highest,Cannot Reproduce
UT-22,,Sample Item 22,2015-11-21,,,,,,2015-11-21,Story,Team 4,,,,Done
UT-23,,Sample Item 23,2015-11-21,,,,,,2015-11-21,Story,Team 3,,,,Done
UT-24,,Sample Item 24,2015-11-21,,,,,,2015-11-21,Story,Team 4,,,,Done
UT-25,,Sample Item 25,2015-11-21,2015-11-21,2015-11-26,,2015-12-10,,,Story,Team 5,,,,
UT-26,,Sample Item 26,2015-11-21,,,2015-11-21,2015-11-26,2016-03-29,,Bug,Team 1,,,,
UT-27,,Sample Item 27,2015-11-21,2015-11-26,2015-12-10,,,,2015-12-14,Story,Team 4,,,,
UT-28,,Sample Item 28,2015-11-21,,,2015-11-21,2015-11-26,2015-12-10,2015-12-10,Story,Team 3,,,,
UT-29,,Sample Item 29,2015-11-21,,,,2015-11-21,2015-11-26,2015-12-10,Story,Team 3,,,,
UT-30,,Sample Item 30,2015-11-21,,,,,2015-11-21,2015-11-26,Story,Team 3,,,,
UT-31,,Sample Item 31,2015-11-21,,,,,2015-11-21,2015-11-26,Story,Team 3,,,,
UT-32,,Sample Item 32,2015-11-21,,,,,2015-11-21,2015-11-26,Story,Team 3,,,,
UT-33,,Sample Item 33,2015-11-21,,,,,,2015-11-21,Story,Team 5,,,,Done
UT-34,,Sample Item 34,2015-11-21,,,,,2015-11-21,2015-11-26,Story,Team 4,,,,
UT-35,,Sample Item 35,2015-11-21,2015-11-26,,2015-12-10,,,,Story,Team 1,,,,
UT-36,,Sample Item 36,2015-11-21,,,,,2015-11-21,2015-11-26,Story,Team 4,,,,
UT-37,,Sample Item 37,2015-11-21,2015-11-26,2016-03-29,,,,,Story,Team 1,,,,
UT-38,,Sample Item 38,2015-11-21,,,,,,2015-11-21,Story,Team 6,,,,Done
UT-39,,Sample Item 39,2015-11-21,,,,,,2015-11-21,Story,Team 5,,,,Done
UT-40,,Sample Item 40,2015-11-21,,,,,,2015-11-21,Story,Team 4,,,,Done
UT-41,,Sample Item 41,2015-11-21,2015-11-26,,,,2015-12-14,2016-03-29,Story,Team 2,,,,
UT-42,,Sample Item 42,2015-11-21,2015-11-21,2015-11-26,,,2015-12-10,2015-12-10,Bug,Team 6,,,,
UT-43,,Sample Item 43,2015-11-21,2015-11-26,,,,,2015-12-14,Story,Team 3,,,,
UT-44,,Sample Item 44,2015-11-21,2015-11-26,,,2015-12-14,,,Story,Team 2,,,,
UT-45,,Sample Item 45,2015-11-21,2015-11-26,,2015-12-14,,,,Story,Team 4,,,,
UT-46,,Sample Item 46,2015-11-21,,2015-12-14,,,,,Story,Team 4,,,,
UT-47,,Sample Item 47,2015-11-21,2015-11-26,,,,,2016-03-29,Bug,Team 3,,,,
UT-48,,Sample Item 48,2015-11-21,2015-12-10,,2015-12-14,,,2016-03-29,Story,Team 4,,,,
UT-49,,Sample Item 49,2015-11-21,2015-12-10,2015-12-14,2015-12-14,,2016-03-29,,Story,Team 3,,,,
UT-50,,Sample Item 50,2015-11-21,,,2016-03-29,,,,Story,Team 4,,,,
UT-51,,Sample Item 51,2015-11-21,2015-12-14,,,,,,Story,Team 5,,,,
UT-52,,Sample Item 52,2015-11-21,,,2016-03-29,,,,Story,Team 3,,,,
UT-53,,Sample Item 53,2015-11-21,2015-12-14,2016-03-29,,,,,Story,Team 4,,,,
UT-54,,Sample Item 54,2015-11-21,,,,,,2015-11-21,Story,Team 4,,,,Done
UT-55,,Sample Item 55,2015-11-21,,,,,,,Story,Team 3,,,,
UT-56,,Sample Item 56,2015-11-21,,,,,,2015-11-21,Story,Team 5,,,,Done
UT-57,,Sample Item 57,2015-11-21,2015-12-14,,,,2016-03-29,,Story,Team 2,,,,
UT-58,,Sample Item 58,2015-11-21,,,,,,2015-11-21,Bug,Team 6,,,,Done
UT-59,,Sample Item 59,2015-11-21,,,,,,,Story,Team 5,,,,
UT-60,,Sample Item 60,2015-11-21,,,,,,2015-11-21,Story,Team 4,,,,Done
UT-61,,Sample Item 61,2015-11-21,,,,,,,Story,Team 2,,,,
UT-62,,Sample Item 62,2015-11-21,,,,,,,Bug,Team 3,,,,
UT-63,,Sample Item 63,2015-11-21,,,,,,2015-11-21,Story,Team 5,,,,Done
UT-64,,Sample Item 64,2015-11-21,,,,,,2015-11-21,Story,Team 3,,,,Done
UT-65,,Sample Item 65,2015-11-21,,,,,,,Story,Team 5,,,,
UT-66,,Sample Item 66,2015-11-21,,,,,,,Story,Team 4,,,,
UT-67,,Sample Item 67,2015-11-21,,,,,,,Story,Team 2,,,,
UT-68,,Sample Item 68,2015-11-21,,,,,,,Story,Team 2,,,,
UT-69,,Sample Item 69,2015-11-21,,,,,,,Story,Team 4,,,,
UT-70,,Sample Item 70,2015-11-21,,,,,,,Story,Team 4,,,,
UT-71,,Sample Item 71,2015-11-21,,,,,,,Story,Team 4,,,,
UT-72,,Sample Item 72,2015-11-21,,,,,,,Story,Team 2,,,,
UT-73,,Sample Item 73,2015-11-21,,,,,,,Story,Team 4,,,,
UT-74,,Sample Item 74,2015-11-21,,,,,,,Story,Team 2,,,,
UT-75,,Sample Item 75,2015-11-21,,,,,,,Story,Team 2,,,,
UT-76,,Sample Item 76,2015-11-21,,,,,,,Story,Team 3,,,,
UT-77,,Sample Item 77,2015-11-21,,,,,,,Story,Team 6,,,,
UT-78,,Sample Item 78,2015-11-21,,,,,,,Story,Team 2,,,,
UT-79,,Sample Item 79,2015-11-21,,,,,,,Story,Team 4,,,,
UT-80,,Sample Item 80,2015-11-21,,,,,,,Story,Team 3,,,,
UT-81,,Sample Item 81,2015-11-21,,,,,,,Story,Team 5,,,,
UT-82,,Sample Item 82,2015-11-21,,,,,,,Story,Team 5,,,,
UT-83,,Sample Item 83,2015-11-21,,,,,,,Story,Team 5,,,,
UT-84,,Sample Item 84,2015-11-21,,,,,,,Story,Team 4,,,,
UT-85,,Sample Item 85,2015-11-21,,,,,,,Story,Team 2,,,,
UT-86,,Sample Item 86,2015-11-21,,,,,,,Story,Team 4,,,,
UT-87,,Sample Item 87,2015-11-21,,,,,,,Bug,Team 3,,,,
UT-88,,Sample Item 88,2015-11-21,,,,,,,Story,Team 5,,,,
UT-89,,Sample Item 89,2015-11-21,,,,,,,Story,Team 5,,,,
UT-90,,Sample Item 90,2015-11-21,,,,,,,Story,Team 3,,,,
UT-91,,Sample Item 91,2015-11-21,,,,,,,Story,Team 4,,,,
UT-92,,Sample Item 92,2015-11-21,,,,,,,Story,Team 4,,,,
UT-93,,Sample Item 93,2015-11-21,,,,,,,Story,Team 5,,,,
UT-94,,Sample Item 94,2015-11-21,,,,,,,Story,Team 3,,,,
UT-95,,Sample Item 95,2015-11-21,,,,,,,Story,Team 4,,,,
UT-96,,Sample Item 96,2015-11-21,,,,,,,Story,Team 2,,,,
UT-97,,Sample Item 97,2015-11-21,,,,,,,Bug,Team 3,,,,
UT-98,,Sample Item 98,2015-11-21,,,,,,,Story,Team 5,,,,
UT-99,,Sample Item 99,2015-11-21,,,,,,,Story,Team 5,,,,
UT-100,,Sample Item 100,2015-11-21,,,,,,,Bug,Team 5,,,,
UT-101,,Sample Item 101,2015-11-21,,,,,,,Story,Team 1,,,,
UT-102,,Sample Item 102,2015-11-21,,,,,,,Story,Team 5,,,,
UT-103,,Sample Item 103,2015-11-21,,,,,,,Story,Team 6,,,,
UT-104,,Sample Item 104,2015-11-21,,,,,,,Story,Team 2,,,,
UT-105,,Sample Item 105,2015-11-21,,,,,,,Story,Team 3,,,,
UT-106,,Sample Item 106,2015-11-21,,,,,,,Story,Team 1,,,,
UT-107,,Sample Item 107,2015-11-21,,,,,,,Story,Team 4,,,,
UT-108,,Sample Item 108,2015-11-21,,,,,,,Story,Team 5,,,,
UT-109,,Sample Item 109,2015-11-21,,,,,,,Story,Team 5,,,,
UT-110,,Sample Item 110,2015-11-21,,,,,,,Story,Team 2,,,,
UT-111,,Sample Item 111,2015-11-21,,,,,,,Story,Team 4,,,,
UT-112,,Sample Item 112,2015-11-21,,,,,,,Story,Team 5,,,,
UT-113,,Sample Item 113,2015-11-21,,,,,,,Story,Team 6,,,,
UT-114,,Sample Item 114,2015-11-21,,,,,,,Story,Team 5,,,,
UT-115,,Sample Item 115,2015-11-21,,,,,,,Story,Team 4,,,,
UT-116,,Sample Item 116,2015-11-21,,,,,,,Story,Team 3,,,,
UT-117,,Sample Item 117,2015-11-21,,,,,,,Story,Team 1,,,,
UT-118,,Sample Item 118,2015-11-21,,,,,,,Bug,Team 5,,,,
UT-119,,Sample Item 119,2015-11-21,,,,,,,Story,Team 5,,,,
UT-120,,Sample Item 120,2015-11-21,,,,,,,Story,Team 2,,,,
UT-121,,Sample Item 121,2015-11-21,,,,,,,Story,Team 6,,,,
UT-122,,Sample Item 122,2015-11-21,,,,,,,Story,Team 4,,,,
UT-123,,Sample Item 123,2015-11-21,,,,,,,Story,Team 6,,,,
UT-124,,Sample Item 124,2015-11-21,,,,,,,Story,Team 3,,,,
UT-125,,Sample Item 125,2015-11-21,,,,,,,Story,Team 4,,,,
UT-126,,Sample Item 126,2015-11-21,,,,,,,Story,Team 1,,,,
UT-127,,Sample Item 127,2015-11-21,,,,,,,Story,Team 5,,,,
UT-128,,Sample Item 128,2015-11-21,,,,,,,Story,Team 6,,,,
UT-129,,Sample Item 129,2015-11-21,,,,,,,Story,Team 1,,,,
UT-130,,Sample Item 130,2015-11-21,,,,,,,Story,Team 4,,,,
UT-131,,Sample Item 131,2015-11-21,,,,,,,Story,Team 4,,,,
UT-132,,Sample Item 132,2015-11-21,,,,,,,Story,Team 6,,,,
UT-133,,Sample Item 133,2015-11-21,,,,,,,Bug,Team 5,,,,
UT-134,,Sample Item 134,2015-11-21,,,,,,,Story,Team 3,,,,
UT-135,,Sample Item 135,2015-11-21,,,,,,,Story,Team 3,,,,
UT-136,,Sample Item 136,2015-11-21,,,,,,,Story,Team 3,,,,
UT-137,,Sample Item 137,2015-11-21,,,,,,,Story,Team 3,,,,
UT-138,,Sample Item 138,2015-11-21,,,,,,,Story,Team 3,,,,
UT-139,,Sample Item 139,2015-11-21,,,,,,,Bug,Team 2,,,,
UT-140,,Sample Item 140,2015-11-21,,,,,,,Story,Team 2,,,,
UT-141,,Sample Item 141,2015-11-21,,,,,,,Story,Team 4,,,,
UT-142,,Sample Item 142,2015-11-21,,,,,,,Story,Team 6,,,,
UT-143,,Sample Item 143,2015-11-21,,,,,,,Story,Team 3,,,,
UT-144,,Sample Item 144,2015-11-21,,,,,,,Story,Team 2,,,,
UT-145,,Sample Item 145,2015-11-21,,,,,,,Story,Team 4,,,,
UT-146,,Sample Item 146,2015-11-21,,,,,,,Story,Team 4,,,,
UT-147,,Sample Item 147,2015-11-21,,,,,,,Story,Team 2,,,,
UT-148,,Sample Item 148,2015-11-21,,,,,,,Story,Team 6,,,,
UT-149,,Sample Item 149,2015-11-21,,,,,,,Story,Team 4,,,,
UT-150,,Sample Item 150,2015-11-21,,,,,,,Story,Team 5,,,,
UT-151,,Sample Item 151,2015-11-21,,,,,,,Story,Team 3,,,,
UT-152,,Sample Item 152,2015-11-21,,,,,,,Bug,Team 3,,,,
UT-153,,Sample Item 153,2015-11-21,,,,,,,Story,Team 3,,,,
UT-154,,Sample Item 154,2015-11-21,,,,,,,Story,Team 2,,,,
UT-155,,Sample Item 155,2015-11-21,,,,,,,Story,Team 5,,,,
UT-156,,Sample Item 156,2015-11-21,,,,,,,Story,Team 1,,,,
UT-157,,Sample Item 157,2015-11-21,,,,,,,Story,Team 1,,,,
UT-158,,Sample Item 158,2015-11-21,,,,,,,Story,Team 4,,,,
UT-159,,Sample Item 159,2015-11-21,,,,,,,Story,Team 6,,,,
UT-160,,Sample Item 160,2015-11-21,,,,,,,Story,Team 3,,,,
UT-161,,Sample Item 161,2015-11-21,,,,,,,Story,Team 4,,,,
UT-162,,Sample Item 162,2015-11-21,,,,,,,Story,Team 3,,,,
UT-163,,Sample Item 163,2015-11-21,,,,,,,Story,Team 4,,,,
UT-164,,Sample Item 164,2015-11-21,,,,,,,Story,Team 6,,,,
UT-165,,Sample Item 165,2015-11-21,,,,,,,Story,Team 2,,,,
UT-166,,Sample Item 166,2015-11-21,,,,,,,Story,Team 4,,,,
UT-167,,Sample Item 167,2015-11-21,,,,,,,Story,Team 4,,,,
UT-168,,Sample Item 168,2015-11-21,,,,,,,Story,Team 3,,,,
UT-169,,Sample Item 169,2015-11-21,,,,,,,Story,Team 5,,,,
UT-170,,Sample Item 170,2015-11-21,,,,,,,Story,Team 1,,,,
UT-171,,Sample Item 171,2015-11-21,,,,,,,Story,Team 4,,,,
UT-172,,Sample Item 172,2015-11-21,,,,,,,Story,Team 4,,,,
UT-173,,Sample Item 173,2015-11-21,,,,,,,Story,Team 4,,,,
UT-174,,Sample Item 174,2015-11-21,,,,,,,Bug,Team 2,,,,
UT-175,,Sample Item 175,2015-11-21,,,,,,,Story,Team 1,,,,
UT-176,,Sample Item 176,2015-11-21,,,,,,,Story,Team 1,,,,
UT-177,,Sample Item 177,2015-11-21,,,,,,,Story,Team 3,,,,
UT-178,,Sample Item 178,2015-11-21,,,,,,,Story,Team 5,,,,
UT-179,,Sample Item 179,2015-11-21,,,,,,,Story,Team 3,,,,
UT-180,,Sample Item 180,2015-11-21,,,,,,,Story,Team 3,,,,
UT-181,,Sample Item 181,2015-11-21,,,,,,,Story,Team 2,,,,
UT-182,,Sample Item 182,2015-11-21,,,,,,,Story,Team 4,,,,
UT-183,,Sample Item 183,2015-11-21,,,,,,,Story,Team 5,,,,
UT-184,,Sample Item 184,2015-11-21,,,,,,,Story,Team 3,,,,
UT-185,,Sample Item 185,2015-11-21,,,,,,,Story,Team 2,,,,
UT-186,,Sample Item 186,2015-11-21,,,,,,,Story,Team 2,,,,
UT-187,,Sample Item 187,2015-11-21,,,,,,,Story,Team 2,,,,
UT-188,,Sample Item 188,2015-11-21,,,,,,,Story,Team 3,,,,
UT-189,,Sample Item 189,2015-11-21,,,,,,,Story,Team 4,,,,
UT-190,,Sample Item 190,2015-11-21,,,,,,,Story,Team 5,,,,
UT-191,,Sample Item 191,2015-11-21,,,,,,,Story,Team 2,,,,
UT-192,,Sample Item 192,2015-11-21,,,,,,,Story,Team 4,,,,
UT-193,,Sample Item 193,2015-11-21,,,,,,,Story,Team 2,,,,
UT-194,,Sample Item 194,2015-11-21,,,,,,,Bug,Team 3,,,,
UT-195,,Sample Item 195,2015-11-21,,,,,,,Story,Team 2,,,,
UT-196,,Sample Item 196,2015-11-21,,,,,,,Story,Team 5,,,,
UT-197,,Sample Item 197,2015-11-21,,,,,,,Story,Team 4,,,,
UT-198,,Sample Item 198,2015-11-21,,,,,,,Story,Team 2,,,,
UT-199,,Sample Item 199,2015-11-21,,,,,,,Story,Team 5,,,,
UT-200,,Sample Item 200,2015-11-21,,,,,,,Story,Team 2,,,,
UT-201,,Sample Item 201,2015-11-21,,,,,,,Story,Team 2,,,,
UT-202,,Sample Item 202,2015-11-21,,,,,,,Story,Team 5,,,,
UT-203,,Sample Item 203,2015-11-21,,,,,,,Story,Team 5,,,,
UT-204,,Sample Item 204,2015-11-21,,,,,,,Story,Team 3,,,,
UT-205,,Sample Item 205,2015-11-21,,,,,,,Story,Team 4,,,,
UT-206,,Sample Item 206,2015-11-21,,,,,,,Bug,Team 2,,,,
UT-207,,Sample Item 207,2015-11-21,,,,,,,Bug,Team 5,,,,
UT-208,,Sample Item 208,2015-11-21,,,,,,,Story,Team 4,,,,
UT-209,,Sample Item 209,2015-11-21,,,,,,,Story,Team 5,,,,
UT-210,,Sample Item 210,2015-11-21,,,,,,,Bug,Team 3,,,,
UT-211,,Sample Item 211,2015-11-21,,,,,,,Story,Team 5,,,,
UT-212,,Sample Item 212,2015-11-21,,,,,,,Story,Team 1,,,,
UT-213,,Sample Item 213,2015-11-21,,,,,,,Story,Team 5,,,,
UT-214,,Sample Item 214,2015-11-21,,,,,,,Story,Team 2,,,,
UT-215,,Sample Item 215,2015-11-21,,,,,,,Story,Team 4,,,,
UT-216,,Sample Item 216,2015-11-21,,,,,,,Story,Team 4,,,,
UT-217,,Sample Item 217,2015-11-21,,,,,,,Story,Team 2,,,,
UT-218,,Sample Item 218,2015-11-21,,,,,,,Story,Team 5,,,,
UT-219,,Sample Item 219,2015-11-21,,,,,,,Story,Team 3,,,,
UT-220,,Sample Item 220,2015-11-21,,,,,,,Story,Team 4,,,,
UT-221,,Sample Item 221,2015-11-21,,,,,,,Story,Team 6,,,,
UT-222,,Sample Item 222,2015-11-21,,,,,,,Story,Team 4,,,,
UT-223,,Sample Item 223,2015-11-21,,,,,,,Bug,Team 3,,,,
UT-224,,Sample Item 224,2015-11-21,,,,,,,Story,Team 3,,,,
UT-225,,Sample Item 225,2015-11-21,,,,,,,Story,Team 1,,,,
UT-226,,Sample Item 226,2015-11-21,,,,,,,Story,Team 4,,,,
UT-227,,Sample Item 227,2015-11-21,,,,,,,Story,Team 2,,,,
UT-228,,Sample Item 228,2015-11-21,,,,,,,Story,Team 2,,,,
UT-229,,Sample Item 229,2015-11-21,,,,,,,Story,Team 5,,,,
UT-230,,Sample Item 230,2015-11-21,,,,,,,Story,Team 1,,,,
UT-231,,Sample Item 231,2015-11-21,,,,,,,Story,Team 3,,,,
UT-232,,Sample Item 232,2015-11-21,,,,,,,Story,Team 4,,,,
UT-233,,Sample Item 233,2015-11-21,,,,,,,Story,Team 5,,,,
UT-234,,Sample Item 234,2015-11-21,,,,,,,Story,Team 4,,,,
UT-235,,Sample Item 235,2015-11-21,,,,,,,Story,Team 5,,,,
UT-236,,Sample Item 236,2015-11-21,,,,,,,Bug,Team 5,,,,
UT-237,,Sample Item 237,2015-11-21,,,,,,,Story,Team 5,,,,
UT-238,,Sample Item 238,2015-11-21,,,,,,,Bug,Team 3,,,,
UT-239,,Sample Item 239,2015-11-21,,,,,,,Story,Team 4,,,,
UT-240,,Sample Item 240,2015-11-21,,,,,,,Story,Team 2,,,,
UT-241,,Sample Item 241,2015-11-21,,,,,,,Story,Team 3,,,,
UT-242,,Sample Item 242,2015-11-21,,,,,,,Story,Team 3,,,,
UT-243,,Sample Item 243,2015-11-21,,,,,,,Story,Team 2,,,,
UT-244,,Sample Item 244,2015-11-21,,,,,,,Story,Team 3,,,,
UT-245,,Sample Item 245,2015-11-21,,,,,,,Story,Team 3,,,,
UT-246,,Sample Item 246,2015-11-21,,,,,,,Story,Team 1,,,,
UT-247,,Sample Item 247,2015-11-21,,,,,,,Story,Team 2,,,,
UT-248,,Sample Item 248,2015-11-21,,,,,,,Story,Team 5,,,,
UT-249,,Sample Item 249,2015-11-21,,,,,,,Story,Team 6,,,,
UT-250,,Sample Item 250,2015-11-21,,,,,,,Story,Team 3,,,,
UT-251,,Sample Item 251,2015-11-21,,,,,,,Story,Team 3,,,,
UT-252,,Sample Item 252,2015-11-21,,,,,,,Bug,Team 5,,,,
UT-253,,Sample Item 253,2015-11-21,,,,,,,Story,Team 2,,,,
UT-254,,Sample Item 254,2015-11-21,,,,,,,Story,Team 4,,,,
UT-255,,Sample Item 255,2015-11-21,,,,,,,Story,Team 5,,,,
UT-256,,Sample Item 256,2015-11-21,,,,,,,Story,Team 3,,,,
UT-257,,Sample Item 257,2015-11-21,,,,,,,Story,Team 6,,,,
UT-258,,Sample Item 258,2015-11-21,,,,,,,Story,Team 3,,,,
UT-259,,Sample Item 259,2015-11-21,,,,,,,Story,Team 2,,,,
UT-260,,Sample Item 260,2015-11-21,,,,,,,Story,Team 2,,,,
UT-261,,Sample Item 261,2015-11-21,,,,,,,Story,Team 1,,,,
UT-262,,Sample Item 262,2015-11-21,,,,,,,Story,Team 3,,,,
UT-263,,Sample Item 263,2015-11-21,,,,,,,Story,Team 2,,,,
UT-264,,Sample Item 264,2015-11-21,,,,,,,Bug,Team 2,,,,
UT-265,,Sample Item 265,2015-11-21,,,,,,,Story,Team 1,,,,
UT-266,,Sample Item 266,2015-11-21,,,,,,,Story,Team 2,,,,
UT-267,,Sample Item 267,2015-11-21,,,,,,,Story,Team 4,,,,
UT-268,,Sample Item 268,2015-11-21,,,,,,,Story,Team 4,,,,
UT-269,,Sample Item 269,2015-11-21,,,,,,,Story,Team 3,,,,
UT-270,,Sample Item 270,2015-11-21,,,,,,,Story,Team 5,,,,
UT-271,,Sample Item 271,2015-11-21,,,,,,,Story,Team 3,,,,
UT-272,,Sample Item 272,2015-11-21,,,,,,,Bug,Team 4,,,,
UT-273,,Sample Item 273,2015-11-21,,,,,,,Story,Team 3,,,,
UT-274,,Sample Item 274,2015-11-21,,,,,,,Story,Team 6,,,,
UT-275,,Sample Item 275,2015-11-21,,,,,,,Story,Team 4,,,,
UT-276,,Sample Item 276,2015-11-21,,,,,,,Story,Team 3,,,,
UT-277,,Sample Item 277,2015-11-21,,,,,,,Story,Team 4,,,,
UT-278,,Sample Item 278,2015-11-21,,,,,,,Story,Team 5,,,,
UT-279,,Sample Item 279,2015-11-21,,,,,,,Story,Team 6,,,,
UT-280,,Sample Item 280,2015-11-21,,,,,,,Story,Team 6,,,,
UT-281,,Sample Item 281,2015-11-21,,,,,,,Story,Team 4,,,,
UT-282,,Sample Item 282,2015-11-21,,,,,,,Story,Team 3,,,,
UT-283,,Sample Item 283,2015-11-21,,,,,,,Story,Team 4,,,,
UT-284,,Sample Item 284,2015-11-21,,,,,,,Story,Team 3,,,,
UT-285,,Sample Item 285,2015-11-21,,,,,,,Story,Team 3,,,,
UT-286,,Sample Item 286,2015-11-21,,,,,,,Story,Team 3,,,,
UT-287,,Sample Item 287,2015-11-21,,,,,,,Story,Team 4,,,,
UT-288,,Sample Item 288,2015-11-21,,,,,,,Story,Team 3,,,,
UT-289,,Sample Item 289,2015-11-21,,,,,,,Story,Team 4,,,,
UT-290,,Sample Item 290,2015-11-21,,,,,,,Bug,Team 2,,,,
UT-291,,Sample Item 291,2015-11-21,,,,,,,Story,Team 2,,,,
UT-292,,Sample Item 292,2015-11-21,,,,,,,Story,Team 4,,,,
UT-293,,Sample Item 293,2015-11-21,,,,,,,Story,Team 5,,,,
UT-294,,Sample Item 294,2015-11-21,,,,,,,Story,Team 4,,,,
UT-295,,Sample Item 295,2015-11-21,,,,,,,Story,Team 1,,,,
UT-296,,Sample Item 296,2015-11-21,,,,,,,Story,Team 2,,,,
UT-297,,Sample Item 297,2015-11-21,,,,,,,Story,Team 2,,,,
UT-298,,Sample Item 298,2015-11-21,,,,,,,Story,Team 6,,,,
UT-299,,Sample Item 299,2015-11-21,,,,,,,Bug,Team 1,,,,
UT-300,,Sample Item 300,2015-11-21,,,,,,,Story,Team 5,,,,
UT-301,,Sample Item 301,2015-11-21,,,,,,,Story,Team 4,,,,
UT-302,,Sample Item 302,2015-11-21,,,,,,,Story,Team 3,,,,
UT-303,,Sample Item 303,2015-11-21,,,,,,,Story,Team 4,,,,
UT-304,,Sample Item 304,2015-11-21,,,,,,,Story,Team 3,,,,
UT-305,,Sample Item 305,2015-11-21,,,,,,2015-11-21,Story,Team 1,,,,Done
UT-306,,Sample Item 306,2015-11-21,,,,,,,Story,Team 4,,,,
UT-307,,Sample Item 307,2015-11-21,,,,,,,Story,Team 4,,,,
UT-308,,Sample Item 308,2015-11-21,,,,,,,Story,Team 2,,,,
UT-309,,Sample Item 309,2015-11-21,,,,,,,Story,Team 5,,,,
UT-310,,Sample Item 310,2015-11-21,,,,,,,Story,Team 4,,,,
UT-311,,Sample Item 311,2015-11-21,,,,,,,Story,Team 6,,,,
UT-312,,Sample Item 312,2015-11-21,,,,,,,Story,Team 3,,,,
UT-313,,Sample Item 313,2015-11-21,,,,,,,Bug,Team 3,,,,
UT-314,,Sample Item 314,2015-11-21,,,,,,,Story,Team 3,,,,
UT-315,,Sample Item 315,2015-11-21,,,,,,,Story,Team 3,,,,
UT-316,,Sample Item 316,2015-11-21,,,,,,,Story,Team 3,,,,
UT-317,,Sample Item 317,2015-11-21,,,,,,,Story,Team 2,,,,
UT-318,,Sample Item 318,2015-11-21,,,,,,,Story,Team 6,,,,
UT-319,,Sample Item 319,2015-11-21,,,,,,,Story,Team 3,,,,
UT-320,,Sample Item 320,2015-11-21,,,,,,,Story,Team 1,,,,
UT-321,,Sample Item 321,2015-11-21,,,,,,,Story,Team 1,,,,
UT-322,,Sample Item 322,2015-11-21,,,,,,,Story,Team 1,,,,
UT-323,,Sample Item 323,2015-11-21,,,,,,,Story,Team 2,,,,
UT-324,,Sample Item 324,2015-11-21,,,,,,,Bug,Team 3,,,,
UT-325,,Sample Item 325,2015-11-21,,,,,,,Story,Team 4,,,,
UT-326,,Sample Item 326,2015-11-21,,,,,,,Story,Team 3,,,,
UT-327,,Sample Item 327,2015-11-21,,,,,,,Story,Team 6,,,,
UT-328,,Sample Item 328,2015-11-21,,,,,,,Story,Team 4,,,,
UT-329,,Sample Item 329,2015-11-21,,,,,,,Story,Team 6,,,,
UT-330,,Sample Item 330,2015-11-21,,,,,,,Story,Team 2,,,,
UT-331,,Sample Item 331,2015-11-21,,,,,,,Story,Team 2,,,,
UT-332,,Sample Item 332,2015-11-21,,,,,,,Story,Team 6,,,,
UT-333,,Sample Item 333,2015-11-21,,,,,,,Story,Team 1,,,,
UT-334,,Sample Item 334,2015-11-21,,,,,,,Story,Team 2,,,,
UT-335,,Sample Item 335,2015-11-21,,,,,,,Story,Team 3,,,,
UT-336,,Sample Item 336,2015-11-21,,,,,,,Story,Team 6,,,,
UT-337,,Sample Item 337,2015-11-21,,,,,,,Story,Team 1,,,,
UT-338,,Sample Item 338,2015-11-21,,,,,,,Story,Team 3,,,,
UT-339,,Sample Item 339,2015-11-21,,,,,,,Story,Team 4,,,,
UT-340,,Sample Item 340,2015-11-21,,,,,,,Story,Team 5,,,,
UT-341,,Sample Item 341,2015-07-01,,,,,,,Story,Team 3,,,,
UT-342,,Sample Item 342,2015-07-01,,,,,,,Bug,Team 4,,,,
UT-343,,Sample Item 343,2015-07-01,,,,,,,Story,Team 2,,,,
UT-344,,Sample Item 344,2015-07-01,,,,,,,Story,Team 4,,,,
UT-345,,Sample Item 345,2015-07-01,,,,,,,Story,Team 5,,,,
UT-346,,Sample Item 346,2015-07-01,,,,,,,Story,Team 4,,,,
UT-347,,Sample Item 347,2015-07-01,,,,,,,Story,Team 4,,,,
UT-348,,Sample Item 348,2015-07-01,,,,,,,Story,Team 1,,,,
UT-349,,Sample Item 349,2015-07-01,,,,,,,Story,Team 3,,,,
UT-350,,Sample Item 350,2015-07-01,,,,,,,Story,Team 4,,,,
UT-351,,Sample Item 351,2015-07-01,,,,,,,Story,Team 4,,,,
UT-352,,Sample Item 352,2015-07-01,,,,,,,Bug,Team 4,,,,
UT-353,,Sample Item 353,2015-07-01,,,,,,,Story,Team 5,,,,
UT-354,,Sample Item 354,2015-07-01,,,,,,,Story,Team 3,,,,
UT-355,,Sample Item 355,2015-07-01,,,,,,,Story,Team 4,,,,
UT-356,,Sample Item 356,2015-07-01,,,,,,,Story,Team 6,,,,
UT-357,,Sample Item 357,2015-07-01,,,,,,,Bug,Team 3,,,,
UT-358,,Sample Item 358,2015-07-01,,,,,,,Story,Team 4,,,,
UT-359,,Sample Item 359,2015-07-01,,,,,,,Story,Team 5,,,,
UT-360,,Sample Item 360,2015-07-01,,,,,,,Story,Team 1,,,,
UT-361,,Sample Item 361,2015-07-01,,,,,,,Bug,Team 5,,,,
UT-362,,Sample Item 362,2015-07-01,,,,,,,Bug,Team 2,,,,
UT-363,,Sample Item 363,2015-07-01,,,,,,,Story,Team 4,,,,
UT-364,,Sample Item 364,2015-07-01,,,,,,,Story,Team 4,,,,
UT-365,,Sample Item 365,2015-07-01,,,,,,,Story,Team 6,,,,
UT-366,,Sample Item 366,2015-07-01,,,,,,,Story,Team 2,,,,
UT-367,,Sample Item 367,2015-07-01,,,,,,,Bug,Team 4,,,,
UT-368,,Sample Item 368,2015-07-01,,,,,,,Story,Team 2,,,,
UT-369,,Sample Item 369,2015-07-01,,,,,,,Story,Team 4,,,,
UT-370,,Sample Item 370,2015-07-01,,,,,,,Story,Team 1,,,,
UT-371,,Sample Item 371,2015-07-01,,,,,,,Story,Team 6,,,,
UT-372,,Sample Item 372,2015-07-01,,,,,,,Story,Team 5,,,,
UT-373,,Sample Item 373,2015-07-01,,,,,,,Story,Team 4,,,,
UT-374,,Sample Item 374,2015-07-01,,,,,,,Story,Team 3,,,,
UT-375,,Sample Item 375,2015-07-01,,,,,,,Story,Team 5,,,,
UT-376,,Sample Item 376,2015-07-01,,,,,,,Story,Team 2,,,,
UT-377,,Sample Item 377,2015-07-01,,,,,,,Story,Team 4,,,,
UT-378,,Sample Item 378,2015-07-01,,,,,,,Story,Team 2,,,,
UT-379,,Sample Item 379,2015-07-01,,,,,,,Story,Team 3,,,,
UT-380,,Sample Item 380,2015-07-01,,,,,,,Story,Team 2,,,,
UT-381,,Sample Item 381,2015-07-01,,,,,,,Story,Team 3,,,,
UT-382,,Sample Item 382,2015-07-01,,,,,,,Story,Team 4,,,,
UT-383,,Sample Item 383,2015-07-01,,,,,,,Story,Team 5,,,,
UT-384,,Sample Item 384,2015-07-01,,,,,,,Story,Team 5,,,,
UT-385,,Sample Item 385,2015-07-01,,,,,,,Story,Team 3,,,,
UT-386,,Sample Item 386,2015-07-01,,,,,,,Story,Team 3,,,,
UT-387,,Sample Item 387,2015-07-01,,,,,,,Bug,Team 4,,,,
UT-388,,Sample Item 388,2015-07-01,,,,,,,Story,Team 2,,,,
UT-389,,Sample Item 389,2015-07-01,,,,,,,Story,Team 5,,,,
UT-390,,Sample Item 390,2015-07-01,,,,,,,Story,Team 4,,,,
UT-391,,Sample Item 391,2015-07-01,,,,,,,Story,Team 1,,,,
UT-392,,Sample Item 392,2015-07-01,,,,,,,Story,Team 5,,,,
UT-393,,Sample Item 393,2015-07-01,,,,,,,Story,Team 4,,,,
UT-394,,Sample Item 394,2015-07-01,,,,,,,Story,Team 6,,,,
UT-395,,Sample Item 395,2015-07-01,,,,,,,Story,Team 4,,,,
UT-396,,Sample Item 396,2015-07-01,,,,,,,Story,Team 5,,,,
UT-397,,Sample Item 397,2015-07-01,,,,,,,Bug,Team 2,,,,
UT-398,,Sample Item 398,2015-07-01,,,,,,,Story,Team 3,,,,
UT-399,,Sample Item 399,2015-07-01,,,,,,,Story,Team 6,,,,
UT-400,,Sample Item 400,2015-07-01,,,,,,,Story,Team 3,,,,
UT-401,,Sample Item 401,2015-07-01,,,,,,,Story,Team 5,,,,
UT-402,,Sample Item 402,2015-07-01,,,,,,,Story,Team 4,,,,
UT-403,,Sample Item 403,2015-07-01,,,,,,,Story,Team 4,,,,
UT-404,,Sample Item 404,2015-07-01,,,,,,,Story,Team 3,,,,
UT-405,,Sample Item 405,2015-07-01,,,,,,,Story,Team 6,,,,
UT-406,,Sample Item 406,2015-07-01,,,,,,,Story,Team 4,,,,
UT-407,,Sample Item 407,2015-07-01,,,,,,,Story,Team 1,,,,
UT-408,,Sample Item 408,2015-07-01,,,,,,,Story,Team 2,,,,
UT-409,,Sample Item 409,2015-07-01,,,,,,,Story,Team 6,,,,
UT-410,,Sample Item 410,2015-07-01,,,,,,,Story,Team 2,,,,
UT-411,,Sample Item 411,2015-07-01,,,,,,,Story,Team 3,,,,
UT-412,,Sample Item 412,2015-07-01,,,,,,,Story,Team 2,,,,
UT-413,,Sample Item 413,2015-07-01,,,,,,,Story,Team 2,,,,
UT-414,,Sample Item 414,2015-07-01,,,,,,,Story,Team 2,,,,
UT-415,,Sample Item 415,2015-07-01,,,,,,,Story,Team 3,,,,
UT-416,,Sample Item 416,2015-07-01,,,,,,,Story,Team 4,,,,
UT-417,,Sample Item 417,2015-07-01,,,,,,,Story,Team 6,,,,
UT-418,,Sample Item 418,2015-07-01,,,,,,,Story,Team 4,,,,
UT-419,,Sample Item 419,2015-07-01,,,,,,,Story,Team 3,,,,
UT-420,,Sample Item 420,2015-07-01,,,,,,,Story,Team 2,,,,
UT-421,,Sample Item 421,2015-07-01,,,,,,,Story,Team 1,,,,
UT-422,,Sample Item 422,2015-07-01,,,,,,,Story,Team 3,,,,
UT-423,,Sample Item 423,2015-07-01,,,,,,,Story,Team 3,,,,
UT-424,,Sample Item 424,2015-07-01,,,,,,,Story,Team 3,,,,
UT-425,,Sample Item 425,2015-07-01,,,,,,,Story,Team 5,,,,
UT-426,,Sample Item 426,2015-07-01,,,,,,,Story,Team 3,,,,
UT-427,,Sample Item 427,2015-07-01,,,,,,,Story,Team 4,,,,
UT-428,,Sample Item 428,2015-07-01,,,,,,,Story,Team 3,,,,
UT-429,,Sample Item 429,2015-07-01,,,,,,,Story,Team 3,,,,
UT-430,,Sample Item 430,2015-07-01,,,,,,,Story,Team 3,,,,
UT-431,,Sample Item 431,2015-07-01,,,,,,,Bug,Team 3,,,,
UT-432,,Sample Item 432,2015-07-01,,,,,,,Story,Team 3,,,,
UT-433,,Sample Item 433,2015-07-01,,,,,,,Story,Team 5,,,,
UT-434,,Sample Item 434,2015-07-01,,,,,,,Story,Team 5,,,,
UT-435,,Sample Item 435,2015-07-01,,,,,,,Bug,Team 3,,,,
UT-436,,Sample Item 436,2015-07-01,,,,,,,Story,Team 5,,,,
UT-437,,Sample Item 437,2015-07-01,,,,,,,Story,Team 5,,,,
UT-438,,Sample Item 438,2015-07-01,,,,,,,Story,Team 3,,,,
UT-439,,Sample Item 439,2015-07-01,,,,,,,Bug,Team 4,,,,
UT-440,,Sample Item 440,2015-07-01,,,,,,,Story,Team 5,,,,
UT-441,,Sample Item 441,2015-07-01,,,,,,,Story,Team 1,,,,
UT-442,,Sample Item 442,2015-07-01,,,,,,,Bug,Team 5,,,,
UT-443,,Sample Item 443,2015-07-01,,,,,,,Story,Team 3,,,,
UT-444,,Sample Item 444,2015-07-01,,,,,,,Story,Team 3,,,,
UT-445,,Sample Item 445,2015-07-01,,,,,,,Story,Team 5,,,,
UT-446,,Sample Item 446,2015-07-01,,,,,,,Story,Team 6,,,,
UT-447,,Sample Item 447,2015-07-01,,,,,,,Story,Team 4,,,,
UT-448,,Sample Item 448,2015-07-01,,,,,,,Story,Team 2,,,,
UT-449,,Sample Item 449,2015-07-01,,,,,,,Story,Team 5,,,,
UT-450,,Sample Item 450,2015-07-01,,,,,,,Story,Team 4,,,,
UT-451,,Sample Item 451,2015-07-01,,,,,,,Story,Team 3,,,,
UT-452,,Sample Item 452,2015-07-01,,,,,,,Story,Team 4,,,,
UT-453,,Sample Item 453,2015-07-01,,,,,,,Story,Team 3,,,,
UT-454,,Sample Item 454,2015-07-01,,,,,,,Story,Team 5,,,,
UT-455,,Sample Item 455,2015-07-01,,,,,,,Story,Team 2,,,,
UT-456,,Sample Item 456,2015-07-01,,,,,,,Story,Team 3,,,,
UT-457,,Sample Item 457,2015-07-01,,,,,,,Story,Team 3,,,,
UT-458,,Sample Item 458,2015-07-01,,,,,,,Bug,Team 5,,,,
UT-459,,Sample Item 459,2015-07-01,,,,,,,Story,Team 3,,,,
UT-460,,Sample Item 460,2015-07-01,,,,,,,Story,Team 2,,,,
UT-461,,Sample Item 461,2015-07-01,,,,,,,Story,Team 3,,,,
UT-462,,Sample Item 462,2015-07-01,,,,,,,Bug,Team 4,,,,
UT-463,,Sample Item 463,2015-07-01,,,,,,,Story,Team 5,,,,
UT-464,,Sample Item 464,2015-07-01,,,,,,,Story,Team 3,,,,
UT-465,,Sample Item 465,2015-07-01,,,,,,,Story,Team 4,,,,
UT-466,,Sample Item 466,2015-07-01,,,,,,,Story,Team 5,,,,
UT-467,,Sample Item 467,2015-07-01,,,,,,,Story,Team 4,,,,
UT-468,,Sample Item 468,2015-07-01,,,,,,,Story,Team 3,,,,
UT-469,,Sample Item 469,2015-07-01,,,,,,,Story,Team 2,,,,
UT-470,,Sample Item 470,2015-07-01,,,,,,,Story,Team 4,,,,
UT-471,,Sample Item 471,2015-07-01,,,,,,,Story,Team 4,,,,
UT-472,,Sample Item 472,2015-07-01,,,,,,,Story,Team 2,,,,
UT-473,,Sample Item 473,2015-07-01,,,,,,,Story,Team 5,,,,
UT-474,,Sample Item 474,2015-07-01,,,,,,,Story,Team 3,,,,
UT-475,,Sample Item 475,2015-07-01,,,,,,,Story,Team 3,,,,
UT-476,,Sample Item 476,2015-07-01,,,,,,,Story,Team 3,,,,
UT-477,,Sample Item 477,2015-07-01,,,,,,,Story,Team 3,,,,
UT-478,,Sample Item 478,2015-07-01,,,,,,,Story,Team 4,,,,
UT-479,,Sample Item 479,2015-07-01,,,,,,,Story,Team 1,,,,
UT-480,,Sample Item 480,2015-07-01,,,,,,,Story,Team 2,,,,
UT-481,,Sample Item 481,2015-07-01,,,,,,,Story,Team 3,,,,
UT-482,,Sample Item 482,2015-07-01,,,,,,,Story,Team 4,,,,
UT-483,,Sample Item 483,2015-07-01,,,,,,,Story,Team 4,,,,
UT-484,,Sample Item 484,2015-07-01,,,,,,,Story,Team 2,,,,
UT-485,,Sample Item 485,2015-07-01,,,,,,,Story,Team 4,,,,
UT-486,,Sample Item 486,2015-07-01,,,,,,,Story,Team 1,,,,
UT-487,,Sample Item 487,2015-07-01,,,,,,,Story,Team 2,,,,
UT-488,,Sample Item 488,2015-07-01,,,,,,,Story,Team 5,,,,
UT-489,,Sample Item 489,2015-07-01,,,,,,,Story,Team 4,,,,
UT-490,,Sample Item 490,2015-07-01,,,,,,,Story,Team 2,,,,
UT-491,,Sample Item 491,2015-07-01,,,,,,,Story,Team 5,,,,
UT-492,,Sample Item 492,2015-07-01,,,,,,,Story,Team 6,,,,
UT-493,,Sample Item 493,2015-07-01,,,,,,,Story,Team 2,,,,
UT-494,,Sample Item 494,2015-07-01,,,,,,,Story,Team 2,,,,
UT-495,,Sample Item 495,2015-07-01,,,,,,,Story,Team 3,,,,
UT-496,,Sample Item 496,2015-07-01,,,,,,,Story,Team 2,,,,
UT-497,,Sample Item 497,2015-07-01,,,,,,,Story,Team 2,,,,
UT-498,,Sample Item 498,2015-07-01,,,,,,,Story,Team 3,,,,
UT-499,,Sample Item 499,2015-07-01,,,,,,,Story,Team 3,,,,
UT-500,,Sample Item 500,2015-07-01,,,,,,,Story,Team 5,,,,
UT-501,,Sample Item 501,2015-07-01,,,,,,,Story,Team 6,,,,
UT-502,,Sample Item 502,2015-07-01,,,,,,,Story,Team 3,,,,
UT-503,,Sample Item 503,2015-07-01,,,,,,,Story,Team 2,,,,
UT-504,,Sample Item 504,2015-07-01,,,,,,,Story,Team 5,,,,
UT-505,,Sample Item 505,2015-07-01,,,,,,,Story,Team 5,,,,
UT-506,,Sample Item 506,2015-07-01,,,,,,,Story,Team 5,,,,
UT-507,,Sample Item 507,2015-07-01,,,,,,,Story,Team 6,,,,
UT-508,,Sample Item 508,2015-07-01,,,,,,,Story,Team 2,,,,
UT-509,,Sample Item 509,2015-07-01,,,,,,,Story,Team 5,,,,
UT-510,,Sample Item 510,2015-07-01,,,,,,,Story,Team 3,,,,
UT-511,,Sample Item 511,2015-07-01,,,,,,,Bug,Team 5,,,,
UT-512,,Sample Item 512,2015-07-01,,,,,,,Story,Team 1,,,,
UT-513,,Sample Item 513,2015-07-01,,,,,,,Story,Team 3,,,,
UT-514,,Sample Item 514,2015-07-01,,,,,,,Story,Team 3,,,,
UT-515,,Sample Item 515,2015-07-01,,,,,,,Story,Team 4,,,,
UT-516,,Sample Item 516,2015-07-01,,,,,,,Story,Team 2,,,,
UT-517,,Sample Item 517,2015-07-01,,,,,,,Story,Team 2,,,,
UT-518,,Sample Item 518,2015-07-01,,,,,,,Story,Team 3,,,,
UT-519,,Sample Item 519,2015-07-01,,,,,,,Story,Team 4,,,,
UT-520,,Sample Item 520,2015-07-01,,,,,,,Story,Team 3,,,,
UT-521,,Sample Item 521,2015-07-01,,,,,,,Bug,Team 2,,,,
UT-522,,Sample Item 522,2015-07-01,,,,,,,Story,Team 6,,,,
UT-523,,Sample Item 523,2015-07-01,,,,,,,Story,Team 4,,,,
UT-524,,Sample Item 524,2015-07-01,,,,,,,Bug,Team 3,,,,
UT-525,,Sample Item 525,2015-07-01,,,,,,,Story,Team 2,,,,
UT-526,,Sample Item 526,2015-07-01,,,,,,,Story,Team 6,,,,
UT-527,,Sample Item 527,2015-07-01,,,,,,,Story,Team 5,,,,
UT-528,,Sample Item 528,2015-07-01,,,,,,,Story,Team 4,,,,
UT-529,,Sample Item 529,2015-07-01,,,,,,,Story,Team 4,,,,
UT-530,,Sample Item 530,2015-07-01,,,,,,2015-11-21,Story,Team 5,,,,Done
UT-531,,Sample Item 531,2015-07-01,,,,,,,Bug,Team 5,,,,
UT-532,,Sample Item 532,2015-07-01,,,,,,,Story,Team 5,,,,
UT-533,,Sample Item 533,2015-07-01,,,,,,,Story,Team 2,,,,
UT-534,,Sample Item 534,2015-07-01,,,,,,,Bug,Team 3,,,,
UT-535,,Sample Item 535,2015-07-01,,,,,,,Story,Team 4,,,,
UT-536,,Sample Item 536,2015-07-01,,,,,,2015-11-21,Story,Team 3,,,,Done
UT-537,,Sample Item 537,2015-07-01,,,,,,2015-11-21,Story,Team 1,,,,Done
UT-538,,Sample Item 538,2015-07-01,,,,,,,Story,Team 3,,,,
UT-539,,Sample Item 539,2015-07-01,,,,,,2015-11-21,Story,Team 1,,,,Done
UT-540,,Sample Item 540,2015-07-01,,,,,,2015-11-21,Story,Team 4,,,,Done
UT-541,,Sample Item 319,2015-11-21,,,,,,,Story,Team 3,,,,
UT-542,,Sample Item 316,2015-11-21,,,,,,,Story,Team 3,,,,
UT-543,,Sample Item 315,2015-11-21,,,,,,,Story,Team 3,,,,
UT-544,,Sample Item 313,2015-11-21,,,,,,,Bug,Team 3,,,,
UT-545,,Sample Item 314,2015-11-21,,,,,,,Story,Team 3,,,,
UT-546,,Sample Item 311,2015-11-21,,,,,,,Story,Team 6,,,,
UT-547,,Sample Item 312,2015-11-21,,,,,,,Story,Team 3,,,,
UT-548,,Sample Item 310,2015-11-21,,,,,,,Story,Team 4,,,,
UT-549,,Sample Item 318,2015-11-21,,,,,,,Story,Team 6,,,,
UT-550,,Sample Item 317,2015-11-21,,,,,,,Story,Team 2,,,,
UT-551,,Sample Item 309,2015-11-21,,,,,,,Story,Team 5,,,,
UT-552,,Sample Item 307,2015-11-21,,,,,,,Story,Team 4,,,,
UT-553,,Sample Item 308,2015-11-21,,,,,,,Story,Team 2,,,,
UT-554,,Sample Item 320,2015-11-21,,,,,,,Story,Team 1,,,,
UT-555,,Sample Item 306,2015-11-21,,,,,,,Story,Team 4,,,,
UT-556,,Sample Item 303,2015-11-21,,,,,,,Story,Team 4,,,,
UT-557,,Sample Item 304,2015-11-21,,,,,,,Story,Team 3,,,,
UT-558,,Sample Item 302,2015-11-21,,,,,,,Story,Team 3,,,,
UT-559,,Sample Item 305,2015-11-21,,,,,,,Story,Team 1,,,,
UT-560,,Sample Item 301,2015-11-21,,,,,,,Story,Team 4,,,,
UT-561,,Sample Item 299,2015-11-21,,,,,,,Bug,Team 1,,,,
UT-562,,Sample Item 297,2015-11-21,,,,,,,Story,Team 2,,,,
UT-563,,Sample Item 298,2015-11-21,,,,,,,Story,Team 6,,,,
UT-564,,Sample Item 300,2015-11-21,,,,,,,Story,Team 5,,,,
UT-565,,Sample Item 296,2015-11-21,,,,,,,Story,Team 2,,,,
UT-566,,Sample Item 295,2015-11-21,,,,,,,Story,Team 1,,,,
UT-567,,Sample Item 291,2015-11-21,,,,,,,Story,Team 2,,,,
UT-568,,Sample Item 292,2015-11-21,,,,,,,Story,Team 4,,,,
UT-569,,Sample Item 290,2015-11-21,,,,,,,Bug,Team 2,,,,
UT-570,,Sample Item 289,2015-11-21,,,,,,,Story,Team 4,,,,
UT-571,,Sample Item 288,2015-11-21,,,,,,,Story,Team 3,,,,
UT-572,,Sample Item 294,2015-11-21,,,,,,,Story,Team 4,,,,
UT-573,,Sample Item 287,2015-11-21,,,,,,,Story,Team 4,,,,
UT-574,,Sample Item 286,2015-11-21,,,,,,,Story,Team 3,,,,
UT-575,,Sample Item 285,2015-11-21,,,,,,,Story,Team 3,,,,
UT-576,,Sample Item 284,2015-11-21,,,,,,,Story,Team 3,,,,
UT-577,,Sample Item 283,2015-11-21,,,,,,,Story,Team 4,,,,
UT-578,,Sample Item 279,2015-11-21,,,,,,,Story,Team 6,,,,
UT-579,,Sample Item 278,2015-11-21,,,,,,,Story,Team 5,,,,
UT-580,,Sample Item 277,2015-11-21,,,,,,,Story,Team 4,,,,
UT-581,,Sample Item 276,2015-11-21,,,,,,,Story,Team 3,,,,
UT-582,,Sample Item 282,2015-11-21,,,,,,,Story,Team 3,,,,
UT-583,,Sample Item 270,2015-11-21,,,,,,,Story,Team 5,,,,
UT-584,,Sample Item 271,2015-11-21,,,,,,,Story,Team 3,,,,
UT-585,,Sample Item 272,2015-11-21,,,,,,,Bug,Team 4,,,,
UT-586,,Sample Item 265,2015-11-21,,,,,,,Story,Team 1,,,,
UT-587,,Sample Item 261,2015-11-21,,,,,,,Story,Team 1,,,,
UT-588,,Sample Item 258,2015-11-21,,,,,,,Story,Team 3,,,,
UT-589,,Sample Item 259,2015-11-21,,,,,,,Story,Team 2,,,,
UT-590,,Sample Item 260,2015-11-21,,,,,,,Story,Team 2,,,,
UT-591,,Sample Item 281,2015-11-21,,,,,,,Story,Team 4,,,,
UT-592,,Sample Item 275,2015-11-21,,,,,,,Story,Team 4,,,,
UT-593,,Sample Item 274,2015-11-21,,,,,,,Story,Team 6,,,,
UT-594,,Sample Item 262,2015-11-21,,,,,,,Story,Team 3,,,,
UT-595,,Sample Item 255,2015-11-21,,,,,,,Story,Team 5,,,,
UT-596,,Sample Item 250,2015-11-21,,,,,,,Story,Team 3,,,,
UT-597,,Sample Item 251,2015-11-21,,,,,,,Story,Team 3,,,,
UT-598,,Sample Item 252,2015-11-21,,,,,,,Bug,Team 5,,,,
UT-599,,Sample Item 254,2015-11-21,,,,,,,Story,Team 4,,,,
UT-600,,Sample Item 248,2015-11-21,,,,,,,Story,Team 5,,,,
UT-601,,Sample Item 280,2015-11-21,,,,,,,Story,Team 6,,,,
UT-602,,Sample Item 253,2015-11-21,,,,,,,Story,Team 2,,,,
UT-603,,Sample Item 264,2015-11-21,,,,,,,Bug,Team 2,,,,
UT-604,,Sample Item 249,2015-11-21,,,,,,,Story,Team 6,,,,
UT-605,,Sample Item 267,2015-11-21,,,,,,,Story,Team 4,,,,
UT-606,,Sample Item 273,2015-11-21,,,,,,,Story,Team 3,,,,
UT-607,,Sample Item 269,2015-11-21,,,,,,,Story,Team 3,,,,
UT-608,,Sample Item 246,2015-11-21,,,,,,,Story,Team 1,,,,
UT-609,,Sample Item 266,2015-11-21,,,,,,,Story,Team 2,,,,
UT-610,,Sample Item 257,2015-11-21,,,,,,,Story,Team 6,,,,
UT-611,,Sample Item 247,2015-11-21,,,,,,,Story,Team 2,,,,
UT-612,,Sample Item 244,2015-11-21,,,,,,,Story,Team 3,,,,
UT-613,,Sample Item 242,2015-11-21,,,,,,,Story,Team 3,,,,
UT-614,,Sample Item 243,2015-11-21,,,,,,,Story,Team 2,,,,
UT-615,,Sample Item 245,2015-11-21,,,,,,,Story,Team 3,,,,
UT-616,,Sample Item 235,2015-11-21,,,,,,,Story,Team 5,,,,
UT-617,,Sample Item 237,2015-11-21,,,,,,,Story,Team 5,,,,
UT-618,,Sample Item 236,2015-11-21,,,,,,,Bug,Team 5,,,,
UT-619,,Sample Item 241,2015-11-21,,,,,,,Story,Team 3,,,,
UT-620,,Sample Item 240,2015-11-21,,,,,,,Story,Team 2,,,,
UT-621,,Sample Item 263,2015-11-21,,,,,,,Story,Team 2,,,,
UT-622,,Sample Item 232,2015-11-21,,,,,,,Story,Team 4,,,,
UT-623,,Sample Item 293,2015-11-21,,,,,,,Story,Team 5,,,,
UT-624,,Sample Item 239,2015-11-21,,,,,,,Story,Team 4,,,,
UT-625,,Sample Item 238,2015-11-21,,,,,,,Bug,Team 3,,,,
UT-626,,Sample Item 234,2015-11-21,,,,,,,Story,Team 4,,,,
UT-627,,Sample Item 233,2015-11-21,,,,,,,Story,Team 5,,,,
UT-628,,Sample Item 225,2015-11-21,,,,,,,Story,Team 1,,,,
UT-629,,Sample Item 226,2015-11-21,,,,,,,Story,Team 4,,,,
UT-630,,Sample Item 227,2015-11-21,,,,,,,Story,Team 2,,,,
UT-631,,Sample Item 228,2015-11-21,,,,,,,Story,Team 2,,,,
UT-632,,Sample Item 219,2015-11-21,,,,,,,Story,Team 3,,,,
UT-633,,Sample Item 217,2015-11-21,,,,,,,Story,Team 2,,,,
UT-634,,Sample Item 231,2015-11-21,,,,,,,Story,Team 3,,,,
UT-635,,Sample Item 223,2015-11-21,,,,,,,Bug,Team 3,,,,
UT-636,,Sample Item 224,2015-11-21,,,,,,,Story,Team 3,,,,
UT-637,,Sample Item 220,2015-11-21,,,,,,,Story,Team 4,,,,
UT-638,,Sample Item 221,2015-11-21,,,,,,,Story,Team 6,,,,
UT-639,,Sample Item 216,2015-11-21,,,,,,,Story,Team 4,,,,
UT-640,,Sample Item 209,2015-11-21,,,,,,,Story,Team 5,,,,
UT-641,,Sample Item 199,2015-11-21,,,,,,,Story,Team 5,,,,
UT-642,,Sample Item 197,2015-11-21,,,,,,,Story,Team 4,,,,
UT-643,,Sample Item 196,2015-11-21,,,,,,,Story,Team 5,,,,
UT-644,,Sample Item 222,2015-11-21,,,,,,,Story,Team 4,,,,
UT-645,,Sample Item 213,2015-11-21,,,,,,,Story,Team 5,,,,
UT-646,,Sample Item 201,2015-11-21,,,,,,,Story,Team 2,,,,
UT-647,,Sample Item 218,2015-11-21,,,,,,,Story,Team 5,,,,
UT-648,,Sample Item 204,2015-11-21,,,,,,,Story,Team 3,,,,
UT-649,,Sample Item 256,2015-11-21,,,,,,,Story,Team 3,,,,
UT-650,,Sample Item 215,2015-11-21,,,,,,,Story,Team 4,,,,
UT-651,,Sample Item 210,2015-11-21,,,,,,,Bug,Team 3,,,,
UT-652,,Sample Item 200,2015-11-21,,,,,,,Story,Team 2,,,,
UT-653,,Sample Item 193,2015-11-21,,,,,,,Story,Team 2,,,,
UT-654,,Sample Item 192,2015-11-21,,,,,,,Story,Team 4,,,,
UT-655,,Sample Item 214,2015-11-21,,,,,,,Story,Team 2,,,,
UT-656,,Sample Item 202,2015-11-21,,,,,,,Story,Team 5,,,,
UT-657,,Sample Item 198,2015-11-21,,,,,,,Story,Team 2,,,,
UT-658,,Sample Item 211,2015-11-21,,,,,,,Story,Team 5,,,,
UT-659,,Sample Item 194,2015-11-21,,,,,,,Bug,Team 3,,,,
UT-660,,Sample Item 195,2015-11-21,,,,,,,Story,Team 2,,,,
UT-661,,Sample Item 191,2015-11-21,,,,,,,Story,Team 2,,,,
UT-662,,Sample Item 190,2015-11-21,,,,,,,Story,Team 5,,,,
UT-663,,Sample Item 189,2015-11-21,,,,,,,Story,Team 4,,,,
UT-664,,Sample Item 188,2015-11-21,,,,,,,Story,Team 3,,,,
UT-665,,Sample Item 187,2015-11-21,,,,,,,Story,Team 2,,,,
UT-666,,Sample Item 186,2015-11-21,,,,,,,Story,Team 2,,,,
UT-667,,Sample Item 212,2015-11-21,,,,,,,Story,Team 1,,,,
UT-668,,Sample Item 230,2015-11-21,,,,,,,Story,Team 1,,,,
UT-669,,Sample Item 208,2015-11-21,,,,,,,Story,Team 4,,,,
UT-670,,Sample Item 207,2015-11-21,,,,,,,Bug,Team 5,,,,
UT-671,,Sample Item 183,2015-11-21,,,,,,,Story,Team 5,,,,
UT-672,,Sample Item 178,2015-11-21,,,,,,,Story,Team 5,,,,
UT-673,,Sample Item 179,2015-11-21,,,,,,,Story,Team 3,,,,
UT-674,,Sample Item 180,2015-11-21,,,,,,,Story,Team 3,,,,
UT-675,,Sample Item 185,2015-11-21,,,,,,,Story,Team 2,,,,
UT-676,,Sample Item 182,2015-11-21,,,,,,,Story,Team 4,,,,
UT-677,,Sample Item 177,2015-11-21,,,,,,,Story,Team 3,,,,
UT-678,,Sample Item 171,2015-11-21,,,,,,,Story,Team 4,,,,
UT-679,,Sample Item 176,2015-11-21,,,,,,,Story,Team 1,,,,
UT-680,,Sample Item 175,2015-11-21,,,,,,,Story,Team 1,,,,
UT-681,,Sample Item 206,2015-11-21,,,,,,,Bug,Team 2,,,,
UT-682,,Sample Item 172,2015-11-21,,,,,,,Story,Team 4,,,,
UT-683,,Sample Item 173,2015-11-21,,,,,,,Story,Team 4,,,,
UT-684,,Sample Item 170,2015-11-21,,,,,,,Story,Team 1,,,,
UT-685,,Sample Item 166,2015-11-21,,,,,,,Story,Team 4,,,,
UT-686,,Sample Item 167,2015-11-21,,,,,,,Story,Team 4,,,,
UT-687,,Sample Item 165,2015-11-21,,,,,,,Story,Team 2,,,,
UT-688,,Sample Item 229,2015-11-21,,,,,,,Story,Team 5,,,,
UT-689,,Sample Item 203,2015-11-21,,,,,,,Story,Team 5,,,,
UT-690,,Sample Item 174,2015-11-21,,,,,,,Bug,Team 2,,,,
UT-691,,Sample Item 168,2015-11-21,,,,,,,Story,Team 3,,,,
UT-692,,Sample Item 162,2015-11-21,,,,,,,Story,Team 3,,,,
UT-693,,Sample Item 164,2015-11-21,,,,,,,Story,Team 6,,,,
UT-694,,Sample Item 268,2015-11-21,,,,,,,Story,Team 4,,,,
UT-695,,Sample Item 205,2015-11-21,,,,,,,Story,Team 4,,,,
UT-696,,Sample Item 161,2015-11-21,,,,,,,Story,Team 4,,,,
UT-697,,Sample Item 159,2015-11-21,,,,,,,Story,Team 6,,,,
UT-698,,Sample Item 157,2015-11-21,,,,,,,Story,Team 1,,,,
UT-699,,Sample Item 181,2015-11-21,,,,,,,Story,Team 2,,,,
UT-700,,Sample Item 152,2015-11-21,,,,,,,Bug,Team 3,,,,
UT-701,,Sample Item 153,2015-11-21,,,,,,,Story,Team 3,,,,
UT-702,,Sample Item 151,2015-11-21,,,,,,,Story,Team 3,,,,
UT-703,,Sample Item 147,2015-11-21,,,,,,,Story,Team 2,,,,
UT-704,,Sample Item 169,2015-11-21,,,,,,,Story,Team 5,,,,
UT-705,,Sample Item 163,2015-11-21,,,,,,,Story,Team 4,,,,
UT-706,,Sample Item 160,2015-11-21,,,,,,,Story,Team 3,,,,
UT-707,,Sample Item 149,2015-11-21,,,,,,,Story,Team 4,,,,
UT-708,,Sample Item 148,2015-11-21,,,,,,,Story,Team 6,,,,
UT-709,,Sample Item 146,2015-11-21,,,,,,,Story,Team 4,,,,
UT-710,,Sample Item 143,2015-11-21,,,,,,,Story,Team 3,,,,
UT-711,,Sample Item 142,2015-11-21,,,,,,,Story,Team 6,,,,
UT-712,,Sample Item 144,2015-11-21,,,,,,,Story,Team 2,,,,
UT-713,,Sample Item 141,2015-11-21,,,,,,,Story,Team 4,,,,
UT-714,,Sample Item 156,2015-11-21,,,,,,,Story,Team 1,,,,
UT-715,,Sample Item 139,2015-11-21,,,,,,,Bug,Team 2,,,,
UT-716,,Sample Item 184,2015-11-21,,,,,,,Story,Team 3,,,,
UT-717,,Sample Item 155,2015-11-21,,,,,,,Story,Team 5,,,,
UT-718,,Sample Item 154,2015-11-21,,,,,,,Story,Team 2,,,,
UT-719,,Sample Item 158,2015-11-21,,,,,,,Story,Team 4,,,,
UT-720,,Sample Item 137,2015-11-21,,,,,,,Story,Team 3,,,,
UT-721,,Sample Item 150,2015-11-21,,,,,,,Story,Team 5,,,,
UT-722,,Sample Item 145,2015-11-21,,,,,,,Story,Team 4,,,,
UT-723,,Sample Item 136,2015-11-21,,,,,,,Story,Team 3,,,,
UT-724,,Sample Item 133,2015-11-21,,,,,,,Bug,Team 5,,,,
UT-725,,Sample Item 130,2015-11-21,,,,,,,Story,Team 4,,,,
UT-726,,Sample Item 140,2015-11-21,,,,,,,Story,Team 2,,,,
UT-727,,Sample Item 132,2015-11-21,,,,,,,Story,Team 6,,,,
UT-728,,Sample Item 135,2015-11-21,,,,,,,Story,Team 3,,,,
UT-729,,Sample Item 129,2015-11-21,,,,,,,Story,Team 1,,,,
UT-730,,Sample Item 127,2015-11-21,,,,,,,Story,Team 5,,,,
UT-731,,Sample Item 128,2015-11-21,,,,,,,Story,Team 6,,,,
UT-732,,Sample Item 123,2015-11-21,,,,,,,Story,Team 6,,,,
UT-733,,Sample Item 134,2015-11-21,,,,,,,Story,Team 3,,,,
UT-734,,Sample Item 118,2015-11-21,,,,,,,Bug,Team 5,,,,
UT-735,,Sample Item 120,2015-11-21,,,,,,,Story,Team 2,,,,
UT-736,,Sample Item 119,2015-11-21,,,,,,,Story,Team 5,,,,
UT-737,,Sample Item 124,2015-11-21,,,,,,,Story,Team 3,,,,
UT-738,,Sample Item 122,2015-11-21,,,,,,,Story,Team 4,,,,
UT-739,,Sample Item 117,2015-11-21,,,,,,,Story,Team 1,,,,
UT-740,,Sample Item 126,2015-11-21,,,,,,,Story,Team 1,,,,
UT-741,,Sample Item 116,2015-11-21,,,,,,,Story,Team 3,,,,
UT-742,,Sample Item 115,2015-11-21,,,,,,,Story,Team 4,,,,
UT-743,,Sample Item 114,2015-11-21,,,,,,,Story,Team 5,,,,
UT-744,,Sample Item 113,2015-11-21,,,,,,,Story,Team 6,,,,
UT-745,,Sample Item 109,2015-11-21,,,,,,,Story,Team 5,,,,
UT-746,,Sample Item 107,2015-11-21,,,,,,,Story,Team 4,,,,
UT-747,,Sample Item 110,2015-11-21,,,,,,,Story,Team 2,,,,
UT-748,,Sample Item 111,2015-11-21,,,,,,,Story,Team 4,,,,
UT-749,,Sample Item 112,2015-11-21,,,,,,,Story,Team 5,,,,
UT-750,,Sample Item 108,2015-11-21,,,,,,,Story,Team 5,,,,
UT-751,,Sample Item 106,2015-11-21,,,,,,,Story,Team 1,,,,
UT-752,,Sample Item 103,2015-11-21,,,,,,,Story,Team 6,,,,
UT-753,,Sample Item 100,2015-11-21,,,,,,,Bug,Team 5,,,,
UT-754,,Sample Item 105,2015-11-21,,,,,,,Story,Team 3,,,,
UT-755,,Sample Item 104,2015-11-21,,,,,,,Story,Team 2,,,,
UT-756,,Sample Item 101,2015-11-21,,,,,,,Story,Team 1,,,,
UT-757,,Sample Item 131,2015-11-21,,,,,,,Story,Team 4,,,,
UT-758,,Sample Item 102,2015-11-21,,,,,,,Story,Team 5,,,,
UT-759,,Sample Item 98,2015-11-21,,,,,,,Story,Team 5,,,,
UT-760,,Sample Item 99,2015-11-21,,,,,,,Story,Team 5,,,,
UT-761,,Sample Item 96,2015-11-21,,,,,,,Story,Team 2,,,,
UT-762,,Sample Item 93,2015-11-21,,,,,,,Story,Team 5,,,,
UT-763,,Sample Item 97,2015-11-21,,,,,,,Bug,Team 3,,,,
UT-764,,Sample Item 95,2015-11-21,,,,,,,Story,Team 4,,,,
UT-765,,Sample Item 94,2015-11-21,,,,,,,Story,Team 3,,,,
UT-766,,Sample Item 91,2015-11-21,,,,,,,Story,Team 4,,,,
UT-767,,Sample Item 125,2015-11-21,,,,,,,Story,Team 4,,,,
UT-768,,Sample Item 87,2015-11-21,,,,,,,Bug,Team 3,,,,
UT-769,,Sample Item 88,2015-11-21,,,,,,,Story,Team 5,,,,
UT-770,,Sample Item 86,2015-11-21,,,,,,,Story,Team 4,,,,
UT-771,,Sample Item 80,2015-11-21,,,,,,,Story,Team 3,,,,
UT-772,,Sample Item 78,2015-11-21,,,,,,,Story,Team 2,,,,
UT-773,,Sample Item 75,2015-11-21,,,,,,,Story,Team 2,,,,
UT-774,,Sample Item 71,2015-11-21,,,,,,,Story,Team 4,,,,
UT-775,,Sample Item 69,2015-11-21,,,,,,,Story,Team 4,,,,
UT-776,,Sample Item 67,2015-11-21,,,,,,,Story,Team 2,,,,
UT-777,,Sample Item 68,2015-11-21,,,,,,,Story,Team 2,,,,
UT-778,,Sample Item 89,2015-11-21,,,,,,,Story,Team 5,,,,
UT-779,,Sample Item 90,2015-11-21,,,,,,,Story,Team 3,,,,
UT-780,,Sample Item 82,2015-11-21,,,,,,,Story,Team 5,,,,
UT-781,,Sample Item 77,2015-11-21,,,,,,,Story,Team 6,,,,
UT-782,,Sample Item 60,2015-11-21,,,,,,,Story,Team 4,,,,
UT-783,,Sample Item 61,2015-11-21,,,,,,,Story,Team 2,,,,
UT-784,,Sample Item 62,2015-11-21,,,,,,,Bug,Team 3,,,,
UT-785,,Sample Item 63,2015-11-21,,,,,,,Story,Team 5,,,,
UT-786,,Sample Item 64,2015-11-21,,,,,,,Story,Team 3,,,,
UT-787,,Sample Item 66,2015-11-21,,,,,,,Story,Team 4,,,,
UT-788,,Sample Item 84,2015-11-21,,,,,,,Story,Team 4,,,,
UT-789,,Sample Item 83,2015-11-21,,,,,,,Story,Team 5,,,,
UT-790,,Sample Item 74,2015-11-21,,,,,,,Story,Team 2,,,,
UT-791,,Sample Item 70,2015-11-21,,,,,,,Story,Team 4,,,,
UT-792,,Sample Item 65,2015-11-21,,,,,,,Story,Team 5,,,,
UT-793,,Sample Item 51,2015-11-21,,,,,,,Story,Team 5,,,,
UT-794,,Sample Item 52,2015-11-21,,,,,,,Story,Team 3,,,,
UT-795,,Sample Item 53,2015-11-21,,,,,,,Story,Team 4,,,,
UT-796,,Sample Item 54,2015-11-21,,,,,,,Story,Team 4,,,,
UT-797,,Sample Item 55,2015-11-21,,,,,,,Story,Team 3,,,,
UT-798,,Sample Item 56,2015-11-21,,,,,,,Story,Team 5,,,,
UT-799,,Sample Item 57,2015-11-21,,,,,,,Story,Team 2,,,,
UT-800,,Sample Item 58,2015-11-21,,,,,,,Bug,Team 6,,,,
UT-801,,Sample Item 48,2015-11-21,,,,,,,Story,Team 4,,,,
UT-802,,Sample Item 81,2015-11-21,,,,,,,Story,Team 5,,,,
UT-803,,Sample Item 72,2015-11-21,,,,,,,Story,Team 2,,,,
UT-804,,Sample Item 73,2015-11-21,,,,,,,Story,Team 4,,,,
UT-805,,Sample Item 41,2015-11-21,,,,,,,Story,Team 2,,,,
UT-806,,Sample Item 42,2015-11-21,,,,,,,Bug,Team 6,,,,
UT-807,,Sample Item 43,2015-11-21,,,,,,,Story,Team 3,,,,
UT-808,,Sample Item 44,2015-11-21,,,,,,,Story,Team 2,,,,
UT-809,,Sample Item 45,2015-11-21,,,,,,,Story,Team 4,,,,
UT-810,,Sample Item 46,2015-11-21,,,,,,,Story,Team 4,,,,
UT-811,,Sample Item 47,2015-11-21,,,,,,,Bug,Team 3,,,,
UT-812,,Sample Item 38,2015-11-21,,,,,,,Story,Team 6,,,,
UT-813,,Sample Item 39,2015-11-21,,,,,,,Story,Team 5,,,,
UT-814,,Sample Item 37,2015-11-21,,,,,,,Story,Team 1,,,,
UT-815,,Sample Item 36,2015-11-21,,,,,,,Story,Team 4,,,,
UT-816,,Sample Item 85,2015-11-21,,,,,,,Story,Team 2,,,,
UT-817,,Sample Item 50,2015-11-21,,,,,,,Story,Team 4,,,,
UT-818,,Sample Item 35,2015-11-21,,,,,,,Story,Team 1,,,,
UT-819,,Sample Item 34,2015-11-21,,,,,,,Story,Team 4,,,,
UT-820,,Sample Item 40,2015-11-21,,,,,,,Story,Team 4,,,,
UT-821,,Sample Item 33,2015-11-21,,,,,,,Story,Team 5,,,,
UT-822,,Sample Item 49,2015-11-21,,,,,,,Story,Team 3,,,,
UT-823,,Sample Item 31,2015-11-21,,,,,,,Story,Team 3,,,,
UT-824,,Sample Item 26,2015-11-21,,,,,,,Bug,Team 1,,,,
UT-825,,Sample Item 32,2015-11-21,,,,,,,Story,Team 3,,,,
UT-826,,Sample Item 24,2015-11-21,,,,,,,Story,Team 4,,,,
UT-827,,Sample Item 15,2015-11-21,,,,,,,Story,Team 4,,,,
UT-828,,Sample Item 16,2015-11-21,,,,,,,Story,Team 3,,,,
UT-829,,Sample Item 17,2015-11-21,,,,,,,Story,Team 2,,,,
UT-830,,Sample Item 18,2015-11-21,,,,,,,Story,Team 4,,,,
UT-831,,Sample Item 59,2015-11-21,,,,,,,Story,Team 5,,,,
UT-832,,Sample Item 12,2015-11-21,,,,,,,Story,Team 3,,,,
UT-833,,Sample Item 121,2015-11-21,,,,,,,Story,Team 6,,,,
UT-834,,Sample Item 25,2015-11-21,,,,,,,Story,Team 5,,,,
UT-835,,Sample Item 11,2015-11-21,,,,,,,Story,Team 4,,,,
UT-836,,Sample Item 6,2015-11-21,,,,,,,Story,Team 3,,,,
UT-837,,Sample Item 4,2015-11-21,,,,,,,Story,Team 4,,,,
UT-838,,Sample Item 79,2015-11-21,,,,,,,Story,Team 4,,,,
UT-839,,Sample Item 76,2015-11-21,,,,,,,Story,Team 3,,,,
UT-840,,Sample Item 138,2015-11-21,,,,,,,Story,Team 3,,,,
UT-841,,Sample Item 92,2015-11-21,,,,,,,Story,Team 4,,,,
UT-842,,Sample Item 19,2015-11-21,,,,,,,Story,Team 3,,,,
UT-843,,Sample Item 8,2015-11-21,,,,,,,Bug,Team 4,,,,
UT-844,,Sample Item 7,2015-11-21,,,,,,,Story,Team 1,,,,
UT-845,,Sample Item 5,2015-11-21,,,,,,,Story,Team 4,,,,
UT-846,,Sample Item 29,2015-11-21,,,,,,2015-11-26,Story,Team 3,,,,
UT-847,,Sample Item 27,2015-11-21,,,,,,2015-11-26,Story,Team 4,,,,
UT-848,,Sample Item 28,2015-11-21,,,,,,2015-11-26,Story,Team 3,,,,
UT-849,,Sample Item 30,2015-11-21,,,,,,2015-11-26,Story,Team 3,,,,
UT-850,,Sample Item 23,2015-11-21,,,,,,2015-11-26,Story,Team 3,,,,
UT-851,,Sample Item 22,2015-11-21,,,,,,2015-11-26,Story,Team 4,,,,
UT-852,,Sample Item 21,2015-11-21,,,,,,2015-11-26,Story,Team 3,,,,
UT-853,,Sample Item 14,2015-11-21,,,,,,2015-11-26,Bug,Team 4,,,,
UT-854,,Sample Item 9,2015-11-21,,,,,,2015-11-26,Bug,Team 5,,,,
UT-855,,Sample Item 2,2015-11-21,,,,,,2015-11-26,Story,Team 4,,,,
UT-856,,Sample Item 1,2015-11-21,,,,,,2015-11-26,Story,Team 3,,,,
UT-857,,Sample Item 20,2015-11-21,,,,,2015-11-26,2015-12-10,Story,Team 3,,,,
UT-858,,Sample Item 13,2015-11-21,,,,,2015-11-26,2015-12-10,Story,Team 5,,,,
UT-859,,Sample Item 10,2015-11-21,,,,,2015-11-26,2015-12-10,Story,Team 4,,,,
UT-860,,Sample Item 3,2015-11-21,,,,,2015-11-26,2015-12-10,Story,Team 4,,,,
UT-861,,Sample Item 340,2015-11-21,,,,2015-11-26,,2015-12-10,Story,Team 5,,,,
UT-862,,Sample Item 338,2015-11-21,,,,2015-11-26,2015-12-10,2015-12-10,Story,Team 3,,,,
UT-863,,Sample Item 339,2015-11-21,,,,2015-11-26,2015-12-10,2015-12-10,Story,Team 4,,,,
UT-864,,Sample Item 337,2015-11-21,,,,2015-11-26,2015-12-10,2015-12-10,Story,Team 1,,,,
UT-865,,Sample Item 334,2015-11-21,,,2015-11-26,2015-12-10,,2015-12-10,Story,Team 2,,,,
UT-866,,Sample Item 335,2015-11-21,,,2015-11-26,,2015-12-14,2016-03-29,Story,Team 3,,,,
UT-867,,Sample Item 336,2015-11-21,,,2015-11-26,2015-12-10,,2015-12-14,Story,Team 6,,,,
UT-868,,Sample Item 333,2015-11-21,,,2015-11-26,2015-12-14,,,Story,Team 1,,,,
UT-869,,Sample Item 332,2015-11-21,,,2015-11-26,,,2015-12-10,Story,Team 6,,,,
UT-870,,Sample Item 331,2015-11-21,,,2015-11-26,,,2015-12-10,Story,Team 2,,,,
UT-871,,Sample Item 329,2015-11-21,,,,,,2015-11-26,Story,Team 6,,,,
UT-872,,Sample Item 330,2015-11-21,,,,,2015-11-26,2015-12-10,Story,Team 2,,,,
UT-873,,Sample Item 321,2015-11-21,,,,,2015-11-26,2015-12-10,Story,Team 1,,,,
UT-874,,Sample Item 322,2015-11-21,,,,,2015-11-26,2015-12-10,Story,Team 1,,,,
UT-875,,Sample Item 323,2015-11-21,,,,2015-11-26,,2015-12-10,Story,Team 2,,,,
UT-876,,Sample Item 324,2015-11-21,,,2015-11-26,,,2015-12-10,Bug,Team 3,,,,
UT-877,,Sample Item 325,2015-11-21,,,,,,2015-12-10,Story,Team 4,,,,
UT-878,,Sample Item 326,2015-11-21,,,,,,2015-12-10,Story,Team 3,,,,
UT-879,,Sample Item 327,2015-11-21,,,,2015-12-10,2015-12-14,2016-03-29,Story,Team 6,,,,
UT-880,,Sample Item 328,2015-11-21,,,,,2015-12-10,2015-12-14,Story,Team 4,,,,
UT-881,,Sample Item 341,2015-07-01,,,,,,,Story,Team 3,,,,
UT-882,,Sample Item 342,2015-07-01,,,,,,,Bug,Team 4,,,,
UT-883,,Sample Item 343,2015-07-01,,,,,,,Story,Team 2,,,,
UT-884,,Sample Item 344,2015-07-01,,,,,,,Story,Team 4,,,,
UT-885,,Sample Item 345,2015-07-01,,,,,,,Story,Team 5,,,,
UT-886,,Sample Item 346,2015-07-01,,,,,,,Story,Team 4,,,,
UT-887,,Sample Item 347,2015-07-01,,,,,,,Story,Team 4,,,,
UT-888,,Sample Item 348,2015-07-01,,,,,,,Story,Team 1,,,,
UT-889,,Sample Item 349,2015-07-01,,,,,,,Story,Team 3,,,,
UT-890,,Sample Item 350,2015-07-01,,,,,,,Story,Team 4,,,,
UT-891,,Sample Item 351,2015-07-01,,,,,,,Story,Team 4,,,,
UT-892,,Sample Item 352,2015-07-01,,,,,,,Bug,Team 4,,,,
UT-893,,Sample Item 353,2015-07-01,,,,,,,Story,Team 5,,,,
UT-894,,Sample Item 354,2015-07-01,,,,,,,Story,Team 3,,,,
UT-895,,Sample Item 355,2015-07-01,,,,,,,Story,Team 4,,,,
UT-896,,Sample Item 356,2015-07-01,,,,,,,Story,Team 6,,,,
UT-897,,Sample Item 357,2015-07-01,,,,,,,Bug,Team 3,,,,
UT-898,,Sample Item 358,2015-07-01,,,,,,,Story,Team 4,,,,
UT-899,,Sample Item 359,2015-07-01,,,,,,,Story,Team 5,,,,
UT-900,,Sample Item 360,2015-07-01,,,,,,,Story,Team 1,,,,
UT-901,,Sample Item 361,2015-07-01,,,,,,,Bug,Team 5,,,,
UT-902,,Sample Item 362,2015-07-01,,,,,,,Bug,Team 2,,,,
UT-903,,Sample Item 363,2015-07-01,,,,,,,Story,Team 4,,,,
UT-904,,Sample Item 364,2015-07-01,,,,,,,Story,Team 4,,,,
UT-905,,Sample Item 365,2015-07-01,,,,,,,Story,Team 6,,,,
UT-906,,Sample Item 366,2015-07-01,,,,,,,Story,Team 2,,,,
UT-907,,Sample Item 367,2015-07-01,,,,,,,Bug,Team 4,,,,
UT-908,,Sample Item 368,2015-07-01,,,,,,,Story,Team 2,,,,
UT-909,,Sample Item 369,2015-07-01,,,,,,,Story,Team 4,,,,
UT-910,,Sample Item 370,2015-07-01,,,,,,,Story,Team 1,,,,
UT-911,,Sample Item 371,2015-07-01,,,,,,,Story,Team 6,,,,
UT-912,,Sample Item 372,2015-07-01,,,,,,,Story,Team 5,,,,
UT-913,,Sample Item 373,2015-07-01,,,,,,,Story,Team 4,,,,
UT-914,,Sample Item 374,2015-07-01,,,,,,,Story,Team 3,,,,
UT-915,,Sample Item 375,2015-07-01,,,,,,,Story,Team 5,,,,
UT-916,,Sample Item 376,2015-07-01,,,,,,,Story,Team 2,,,,
UT-917,,Sample Item 377,2015-07-01,,,,,,,Story,Team 4,,,,
UT-918,,Sample Item 378,2015-07-01,,,,,,,Story,Team 2,,,,
UT-919,,Sample Item 379,2015-07-01,,,,,,,Story,Team 3,,,,
UT-920,,Sample Item 380,2015-07-01,,,,,,,Story,Team 2,,,,
UT-921,,Sample Item 381,2015-07-01,,,,,,,Story,Team 3,,,,
UT-922,,Sample Item 382,2015-07-01,,,,,,,Story,Team 4,,,,
UT-923,,Sample Item 383,2015-07-01,,,,,,,Story,Team 5,,,,
UT-924,,Sample Item 384,2015-07-01,,,,,,,Story,Team 5,,,,
UT-925,,Sample Item 385,2015-07-01,,,,,,,Story,Team 3,,,,
UT-926,,Sample Item 386,2015-07-01,,,,,,,Story,Team 3,,,,
UT-927,,Sample Item 387,2015-07-01,,,,,,,Bug,Team 4,,,,
UT-928,,Sample Item 388,2015-07-01,,,,,,,Story,Team 2,,,,
UT-929,,Sample Item 389,2015-07-01,,,,,,,Story,Team 5,,,,
UT-930,,Sample Item 390,2015-07-01,,,,,,,Story,Team 4,,,,
UT-931,,Sample Item 391,2015-07-01,,,,,,,Story,Team 1,,,,
UT-932,,Sample Item 392,2015-07-01,,,,,,,Story,Team 5,,,,
UT-933,,Sample Item 393,2015-07-01,,,,,,,Story,Team 4,,,,
UT-934,,Sample Item 394,2015-07-01,,,,,,,Story,Team 6,,,,
UT-935,,Sample Item 395,2015-07-01,,,,,,,Story,Team 4,,,,
UT-936,,Sample Item 396,2015-07-01,,,,,,,Story,Team 5,,,,
UT-937,,Sample Item 397,2015-07-01,,,,,,,Bug,Team 2,,,,
UT-938,,Sample Item 398,2015-07-01,,,,,,,Story,Team 3,,,,
UT-939,,Sample Item 399,2015-07-01,,,,,,,Story,Team 6,,,,
UT-940,,Sample Item 400,2015-07-01,,,,,,,Story,Team 3,,,,
UT-941,,Sample Item 401,2015-07-01,,,,,,,Story,Team 5,,,,
UT-942,,Sample Item 402,2015-07-01,,,,,,,Story,Team 4,,,,
UT-943,,Sample Item 403,2015-07-01,,,,,,,Story,Team 4,,,,
UT-944,,Sample Item 404,2015-07-01,,,,,,,Story,Team 3,,,,
UT-945,,Sample Item 405,2015-07-01,,,,,,,Story,Team 6,,,,
UT-946,,Sample Item 406,2015-07-01,,,,,,,Story,Team 4,,,,
UT-947,,Sample Item 407,2015-07-01,,,,,,,Story,Team 1,,,,
UT-948,,Sample Item 408,2015-07-01,,,,,,,Story,Team 2,,,,
UT-949,,Sample Item 409,2015-07-01,,,,,,,Story,Team 6,,,,
UT-950,,Sample Item 410,2015-07-01,,,,,,,Story,Team 2,,,,
UT-951,,Sample Item 411,2015-07-01,,,,,,,Story,Team 3,,,,
UT-952,,Sample Item 412,2015-07-01,,,,,,,Story,Team 2,,,,
UT-953,,Sample Item 413,2015-07-01,,,,,,,Story,Team 2,,,,
UT-954,,Sample Item 414,2015-07-01,,,,,,,Story,Team 2,,,,
UT-955,,Sample Item 415,2015-07-01,,,,,,,Story,Team 3,,,,
UT-956,,Sample Item 416,2015-07-01,,,,,,,Story,Team 4,,,,
UT-957,,Sample Item 417,2015-07-01,,,,,,,Story,Team 6,,,,
UT-958,,Sample Item 418,2015-07-01,,,,,,,Story,Team 4,,,,
UT-959,,Sample Item 419,2015-07-01,,,,,,,Story,Team 3,,,,
UT-960,,Sample Item 420,2015-07-01,,,,,,,Story,Team 2,,,,
UT-961,,Sample Item 421,2015-07-01,,,,,,,Story,Team 1,,,,
UT-962,,Sample Item 422,2015-07-01,,,,,,,Story,Team 3,,,,
UT-963,,Sample Item 423,2015-07-01,,,,,,,Story,Team 3,,,,
UT-964,,Sample Item 424,2015-07-01,,,,,,,Story,Team 3,,,,
UT-965,,Sample Item 425,2015-07-01,,,,,,,Story,Team 5,,,,
UT-966,,Sample Item 426,2015-07-01,,,,,,,Story,Team 3,,,,
UT-967,,Sample Item 427,2015-07-01,,,,,,,Story,Team 4,,,,
UT-968,,Sample Item 428,2015-07-01,,,,,,,Story,Team 3,,,,
UT-969,,Sample Item 429,2015-07-01,,,,,,,Story,Team 3,,,,
UT-970,,Sample Item 430,2015-07-01,,,,,,,Story,Team 3,,,,
UT-971,,Sample Item 431,2015-07-01,,,,,,,Bug,Team 3,,,,
UT-972,,Sample Item 432,2015-07-01,,,,,,,Story,Team 3,,,,
UT-973,,Sample Item 433,2015-07-01,,,,,,,Story,Team 5,,,,
UT-974,,Sample Item 434,2015-07-01,,,,,,,Story,Team 5,,,,
UT-975,,Sample Item 435,2015-07-01,,,,,,,Bug,Team 3,,,,
UT-976,,Sample Item 436,2015-07-01,,,,,,,Story,Team 5,,,,
UT-977,,Sample Item 437,2015-07-01,,,,,,,Story,Team 5,,,,
UT-978,,Sample Item 438,2015-07-01,,,,,,,Story,Team 3,,,,
UT-979,,Sample Item 439,2015-07-01,,,,,,,Bug,Team 4,,,,
UT-980,,Sample Item 440,2015-07-01,,,,,,,Story,Team 5,,,,
UT-981,,Sample Item 441,2015-07-01,,,,,,,Story,Team 1,,,,
UT-982,,Sample Item 442,2015-07-01,,,,,,,Bug,Team 5,,,,
UT-983,,Sample Item 443,2015-07-01,,,,,,,Story,Team 3,,,,
UT-984,,Sample Item 444,2015-07-01,,,,,,,Story,Team 3,,,,
UT-985,,Sample Item 445,2015-07-01,,,,,,,Story,Team 5,,,,
UT-986,,Sample Item 446,2015-07-01,,,,,,,Story,Team 6,,,,
UT-987,,Sample Item 447,2015-07-01,,,,,,,Story,Team 4,,,,
UT-988,,Sample Item 448,2015-07-01,,,,,,,Story,Team 2,,,,
UT-989,,Sample Item 449,2015-07-01,,,,,,,Story,Team 5,,,,
UT-990,,Sample Item 450,2015-07-01,,,,,,,Story,Team 4,,,,
UT-991,,Sample Item 451,2015-07-01,,,,,,,Story,Team 3,,,,
UT-992,,Sample Item 452,2015-07-01,,,,,,,Story,Team 4,,,,
UT-993,,Sample Item 453,2015-07-01,,,,,,,Story,Team 3,,,,
UT-994,,Sample Item 454,2015-07-01,,,,,,,Story,Team 5,,,,
UT-995,,Sample Item 455,2015-07-01,,,,,,,Story,Team 2,,,,
UT-996,,Sample Item 456,2015-07-01,,,,,,,Story,Team 3,,,,
UT-997,,Sample Item 457,2015-07-01,,,,,,,Story,Team 3,,,,
UT-998,,Sample Item 458,2015-07-01,,,,,,,Bug,Team 5,,,,
UT-999,,Sample Item 459,2015-07-01,,,,,,,Story,Team 3,,,,
UT-1000,,Sample Item 460,2015-07-01,,,,,,,Story,Team 2,,,,
UT-1001,,Sample Item 461,2015-07-01,,,,,,,Story,Team 3,,,,
UT-1002,,Sample Item 462,2015-07-01,,,,,,,Bug,Team 4,,,,
UT-1003,,Sample Item 463,2015-07-01,,,,,,,Story,Team 5,,,,
UT-1004,,Sample Item 464,2015-07-01,,,,,,,Story,Team 3,,,,
UT-1005,,Sample Item 465,2015-07-01,,,,,,,Story,Team 4,,,,
UT-1006,,Sample Item 466,2015-07-01,,,,,,,Story,Team 5,,,,
UT-1007,,Sample Item 467,2015-07-01,,,,,,,Story,Team 4,,,,
UT-1008,,Sample Item 468,2015-07-01,,,,,,,Story,Team 3,,,,
UT-1009,,Sample Item 469,2015-07-01,,,,,,,Story,Team 2,,,,
UT-1010,,Sample Item 470,2015-07-01,,,,,,,Story,Team 4,,,,
UT-1011,,Sample Item 471,2015-07-01,,,,,,,Story,Team 4,,,,
UT-1012,,Sample Item 472,2015-07-01,,,,,,,Story,Team 2,,,,
UT-1013,,Sample Item 473,2015-07-01,,,,,,,Story,Team 5,,,,
UT-1014,,Sample Item 474,2015-07-01,,,,,,,Story,Team 3,,,,
UT-1015,,Sample Item 475,2015-07-01,,,,,,,Story,Team 3,,,,
UT-1016,,Sample Item 476,2015-07-01,,,,,,,Story,Team 3,,,,
UT-1017,,Sample Item 477,2015-07-01,,,,,,,Story,Team 3,,,,
UT-1018,,Sample Item 478,2015-07-01,,,,,,,Story,Team 4,,,,
UT-1019,,Sample Item 479,2015-07-01,,,,,,,Story,Team 1,,,,
UT-1020,,Sample Item 480,2015-07-01,,,,,,,Story,Team 2,,,,
UT-1021,,Sample Item 481,2015-07-01,,,,,,,Story,Team 3,,,,
UT-1022,,Sample Item 482,2015-07-01,,,,,,,Story,Team 4,,,,
UT-1023,,Sample Item 483,2015-07-01,,,,,,,Story,Team 4,,,,
UT-1024,,Sample Item 484,2015-07-01,,,,,,,Story,Team 2,,,,
UT-1025,,Sample Item 485,2015-07-01,,,,,,,Story,Team 4,,,,
UT-1026,,Sample Item 486,2015-07-01,,,,,,,Story,Team 1,,,,
UT-1027,,Sample Item 487,2015-07-01,,,,,,,Story,Team 2,,,,
UT-1028,,Sample Item 488,2015-07-01,,,,,,,Story,Team 5,,,,
UT-1029,,Sample Item 489,2015-07-01,,,,,,,Story,Team 4,,,,
UT-1030,,Sample Item 490,2015-07-01,,,,,,,Story,Team 2,,,,
UT-1031,,Sample Item 491,2015-07-01,,,,,,,Story,Team 5,,,,
UT-1032,,Sample Item 492,2015-07-01,,,,,,,Story,Team 6,,,,
UT-1033,,Sample Item 493,2015-07-01,,,,,,,Story,Team 2,,,,
UT-1034,,Sample Item 494,2015-07-01,,,,,,,Story,Team 2,,,,
UT-1035,,Sample Item 495,2015-07-01,,,,,,,Story,Team 3,,,,
UT-1036,,Sample Item 496,2015-07-01,,,,,,,Story,Team 2,,,,
UT-1037,,Sample Item 497,2015-07-01,,,,,,,Story,Team 2,,,,
UT-1038,,Sample Item 498,2015-07-01,,,,,,,Story,Team 3,,,,
UT-1039,,Sample Item 499,2015-07-01,,,,,,,Story,Team 3,,,,
UT-1040,,Sample Item 500,2015-07-01,,,,,,,Story,Team 5,,,,
UT-1041,,Sample Item 501,2015-07-01,,,,,,,Story,Team 6,,,,
UT-1042,,Sample Item 502,2015-07-01,,,,,,,Story,Team 3,,,,
UT-1043,,Sample Item 503,2015-07-01,,,,,,,Story,Team 2,,,,
UT-1044,,Sample Item 504,2015-07-01,,,,,,,Story,Team 5,,,,
UT-1045,,Sample Item 505,2015-07-01,,,,,,,Story,Team 5,,,,
UT-1046,,Sample Item 506,2015-07-01,,,,,,,Story,Team 5,,,,
UT-1047,,Sample Item 507,2015-07-01,,,,,,,Story,Team 6,,,,
UT-1048,,Sample Item 508,2015-07-01,,,,,,,Story,Team 2,,,,
UT-1049,,Sample Item 509,2015-07-01,,,,,,,Story,Team 5,,,,
UT-1050,,Sample Item 510,2015-07-01,,,,,,,Story,Team 3,,,,
UT-1051,,Sample Item 511,2015-07-01,,,,,,,Bug,Team 5,,,,
UT-1052,,Sample Item 512,2015-07-01,,,,,,,Story,Team 1,,,,
UT-1053,,Sample Item 513,2015-07-01,,,,,,,Story,Team 3,,,,
UT-1054,,Sample Item 514,2015-07-01,,,,,,,Story,Team 3,,,,
UT-1055,,Sample Item 515,2015-07-01,,,,,,,Story,Team 4,,,,
UT-1056,,Sample Item 516,2015-07-01,,,,,,,Story,Team 2,,,,
UT-1057,,Sample Item 517,2015-07-01,,,,,,,Story,Team 2,,,,
UT-1058,,Sample Item 518,2015-07-01,,,,,,,Story,Team 3,,,,
UT-1059,,Sample Item 519,2015-07-01,,,,,,,Story,Team 4,,,,
UT-1060,,Sample Item 520,2015-07-01,,,,,,,Story,Team 3,,,,
UT-1061,,Sample Item 521,2015-07-01,,,,,,,Bug,Team 2,,,,
UT-1062,,Sample Item 522,2015-07-01,,,,,,,Story,Team 6,,,,
UT-1063,,Sample Item 523,2015-07-01,,,,,,,Story,Team 4,,,,
UT-1064,,Sample Item 524,2015-07-01,,,,,,,Bug,Team 3,,,,
UT-1065,,Sample Item 525,2015-07-01,,,,,,,Story,Team 2,,,,
UT-1066,,Sample Item 526,2015-07-01,,,,,,,Story,Team 6,,,,
UT-1067,,Sample Item 527,2015-07-01,,,,,,,Story,Team 5,,,,
UT-1068,,Sample Item 528,2015-07-01,,,,,,,Story,Team 4,,,,
UT-1069,,Sample Item 529,2015-07-01,,,,,,,Story,Team 4,,,,
UT-1070,,Sample Item 530,2015-07-01,,,,,,,Story,Team 5,,,,
UT-1071,,Sample Item 531,2015-07-01,,,,,,,Bug,Team 5,,,,
UT-1072,,Sample Item 532,2015-07-01,,,,,,,Story,Team 5,,,,
UT-1073,,Sample Item 533,2015-07-01,,,,,,,Story,Team 2,,,,
UT-1074,,Sample Item 534,2015-07-01,,,,,,,Bug,Team 3,,,,
UT-1075,,Sample Item 535,2015-07-01,,,,,,,Story,Team 4,,,,
UT-1076,,Sample Item 536,2015-07-01,,,,,,,Story,Team 3,,,,
UT-1077,,Sample Item 537,2015-07-01,,,,,,,Story,Team 1,,,,
UT-1078,,Sample Item 538,2015-07-01,,,,,,,Story,Team 3,,,,
UT-1079,,Sample Item 539,2015-07-01,,,,,,,Story,Team 1,,,,
UT-1080,,Sample Item 540,2015-07-01,,,,,,,Story,Team 4,,,,
